帛堯初見輕旅,C.J inn,萬華區忠孝西路2段38號,"No.38 ,sec2, Zhongxiao W.rd, Wanhua Dist",02-23886813,4
台北君悅酒店,Grand Hyatt Taipei,信義區松壽路2號,"No.2, Songshou Rd., Xinyi Dist.",02-27201234,866
華宮旅社,HUAKUNG HOTEL,萬華區西昌街157號,"No.157, Sichang St., Wanhua District",02-23142627,14
昌亞旅館,HOTEL PRIMA CASA,中山區林森北路673號1至7樓,"No.673, Linsen N. Rd., Zhongshan Dist.",02-25863161,29
臺北車站智選假日酒店,Holiday Inn Express Taipei Train Station,大同區重慶北路一段73號1樓至7樓,"1,3-7F., No.73, Sec. 1, Chongqing N. Rd., Datong Dist.",02-25505799,152
星美飯店,Beauty Hotels Taipei-Starbeauty Resort,士林區前港街38-1、38-2,"No.38-1,Qiangang St., Shilin Dist.",02-28828080,48
藝築文旅昆明館,ARTINN KUNMING,萬華區昆明街79號10樓,"10F., No. 79, Kunming St., Wanhua Dist.",02-23610330,14
靜好文旅by墾趣,Chill Roof Hotel,中山區南京東路2段11號11樓,"11F., No.11, Sec. 2, Nanjing E. Rd., Zhongshan Dist.",02-25718875,10
沐蘭精品旅館,Mulan Villa SPA Motel Taipei,中山區堤頂大道2段460號,"No.460, Sec. 2, Tiding Blvd., Zhongshan Dist.",02-85023397,46
銀河旅館,GALAXY HOTEL,萬華區漢中街147巷6號1至4樓,"No.6, Ln. 147, Hanzhong St., Wanhua Dist.",02-23116606,18
台北凱撒大飯店,Caesar Park Taipei,中正區忠孝西路1段38號,"No.38, Sec. 1, Zhongxiao W. Rd., Zhongzheng Dist.",02-23115151,478
方舟旅店 長安復興,ARK Hotel,中山區長安東路二段246號3樓、10樓及11樓,"3F., No.246, Sec. 2, Minsheng E. Rd., Zhongshan Dist.",02-27727750,82
水美溫泉會館,Sweetme Hotspring Resort,北投區光明路224號,"No.224, Guangming Rd., Beitou Dist.",02-28983838,78
新驛旅店台北車站三館,City Inn Hotel III,"大同區長安西路77,79號1-7樓","1-7F., No.77, Chang’an W. Rd., Datong Dist.",02-77327777,66
璽愛旅店,SAY LOVE HOTEL,"中正區忠孝西路一段72號3樓,3樓之1","3F., No.72, Sec. 1, Zhongxiao W. Rd., Zhongzheng Dist.",02-23880808,39
景美大旅社,Jing Mei Hotel,文山區景文街104號2-4樓,"Level 2-4, N0.104,Jingwen St.,Wenshan Dist.",02-29313788,12
二十輪旅店大安店,SWIIO HOTEL DAAN,大安區大安路一段183號，185號，185號2樓至7樓,"1-7F.,No.183,No.185, Sec. 1, Da’an Rd., Da’an Dist.",02-27032220,30
宏都金殿大飯店,HOTEL HD PALACE,大安區安和路2段100號2-9樓,"2F-9F., No.100, Sec. 2, Anhe Rd., Da-an District",02-27556599,32
頭等艙飯店西門館,AIRLINE INN XIMEN,中正區中華路一段59號4樓、4樓之1、8樓之1、9樓之1、11樓至13樓,"4,5,8,9,11-13F., No. 59, Sec. 1, Zhonghua Rd., Zhongzheng Dist.",02-23114567,115
旅居文旅中山館,HUB HOTEL Zhongshan,中山區錦西街6號,"No.6, Jinsi St., Jhongshan District",02-25117111,70
天成文旅 華山町,Hua Shan Din By Cosmos Creation,中正區忠孝東路二段79號（1-3樓）,"79 Sec. 2, Zhongxiao East Road, Jhongjheng Dist.",02-23515188,72
尚印旅店-二?,STAY INN TAIPEI,中山區中山北路二段71號10樓,"10F., No.71, Sec. 2, Zhongshan N. Rd., Zhongshan Dist.",02-25682810,20
洛碁大飯店南京館,Green World Grand Nanjing,中山區南京東路三段8號1樓至14樓,"1-14F., No.8, Sec. 3, Nanjing E. Rd., Zhongshan Dist.",02-25098882,116
豪爵旅館,ARISTOCRAT HOTEL,中山區吉林路379巷20號1至7樓及20之1號2樓至7樓、德惠街170巷24號1樓,"No.20, Lane 379, Jilin Rd., Jhongshan District",02-25942977,53
能量旅店,Energy Inn,萬華區康定路25巷38號,"No.38, Ln. 25, Kangding Rd., Wanhua Dist.",02-23121211,4
謙匯普樂室行旅,CH PLACEX HOTEL,信義區信義路5段109號地下1樓,"B1,NO109 section 5,Xinyi Road,Xinyi Pistrict 11075",02-87864188,40
城市商旅昆明館（HOTEL PAPA WHALE）,HOTEL PAPA WHALE,萬華區昆明街46號地下1樓、46號及46號2至4樓、4樓之2、4樓之3,"No.46, Kunming St., Wanhua Dist.",02-23311177,335
門草行旅,The Door Inn,大同區安西街23號1至4樓（不含安西街25號1樓）,"No. 23, Anxi St., Datong Dist.",02-25577045,4
瀚寓酒店,HANNS HOUSE,信義區基隆路一段206號1至12樓,"1-12th Floor, No. 206, Section 1, Keelung Road, Xinyi District",02-87583777,120
新月商旅,MOON HOTEL,中山區新生北路一段122號1-7樓,"No.122, Sec. 1, Xinsheng N. Rd., Zhongshan Dist.",02-25213301,42
五月家青旅 北車館,May Rooms‧Taipei Main Station,中正區忠孝西路一段122號6樓,"6F., No.122, Sec. 1, Zhongxiao W. Rd., Zhongzheng Dist.",02-23822929,5
三二行館,Villa 32,北投區中山路32號,"No.32, Zhongshan Rd., Beitou Dist.",02-66117888,5
美好境界旅店,美好行旅,萬華區西寧南路36號9樓之2、9樓之3、9樓之4,"12F., No. 2, Sec. 1, Kaifeng St., Zhongzheng Dist.",02-23617608,42
葛瑞絲商旅敦北館,Grace Hotel Dunbei,松山區敦化北路216號1樓至5樓,"No. 216, Dunhua N. Rd., Songshan Dist.",02-27886682,34
台北士林萬麗酒店,Renaissance Taipei Shihlin Hotel,士林區中山北路五段470巷8號,"No.8,Ln.470,Sec.5, Zhongshan N. Rd., Shilin Dist.",02-88612389,104
台北棧,Taipei Inn,中正區許昌街40號5樓、5樓之1、5樓之2、6樓、6樓之1、6樓之2、7樓、7樓之1、7樓之2、7樓之3,"No. 40, Xuchang St., Zhongzheng Dist.",02-23313381,34
南陽街壹號旅店,NYS LOFT HOTEL,中正區南陽街1號3樓至4樓,"3F.4F., No.1, Nanyang St., Zhongzheng Dist.",02-23888377,79
豪景大酒店新館,Riverview Suites Taipei,萬華區成都路173之1號B2及1至7樓,"No173-1, Chengdu Rd., Wanhua Dist.",02-23113130,48
愛活商旅,Lavita Hotel,萬華區西寧南路36號10樓之3,"10F.-3, No.36, Xining S. Rd., Wanhua Dist.",02-23615205,22
皇家玫瑰旅館新生館,Royal Rose Hotel x?nsh?ng,大安區新生南路一段103巷37號(1至5樓),"No.37, Ln. 103, Sec. 1, Xinsheng S. Rd., Da’an Dist.",02-27522077,21
成都壹壹壹商旅,Chengdu 111 Business Hotel,萬華區成都路111號1樓-6樓,"1-6F, No. 111, Chengdu Road, Wanhua District",02-23751022,11
清翼居旅店采風館,Morwing Hotel Culture Vogue,中正區南陽街8號2至5樓,"2-5F, No.8, Nanyang St., Zhongzheng Dist.",02-23123661,50
台灣青旅,Taiwan Youth hostel,中正區青島西路11號地下1樓,"B1, No.11, Qingdao W. Rd., Zhongzheng Dist.",02-23613000,12
長榮桂冠酒店 (台北),Evergreen Laurel Hotel (Taipei),中山區松江路63號,"No.63, Songjiang Rd., Zhongshan Dist.",02-25019988,95
水都溫泉會館,Spa spring Resort,北投區光明路283號,"No.283, Guangming Rd., Beitou District",02-28979060,33
旅樂序精品旅館三館,HOTEL RELAX3,中正區懷寧街34號1至8樓,"1-8F., No.34, Huaining St., Zhongzheng Dist.",02-23758333,41
葫蘆商旅,H Hotel,士林區重慶北路四段202號1-4樓、204號1樓,"No.202, Sec. 4, Chongqing N. Rd., Shilin Dist.",02-28119395,19
?美精旅,Hotel B7,中正區重慶南路1段111號,"No.111, Sec. 1, Chongqing S. Rd., Zhongzheng Dist.",02-23832088,38
山樂溫泉,Shan Yao Hot Spring Hotel,北投區泉源路1巷17號1-2樓,"1-2F., No.17, Ln. 1, Quanyuan Rd., Beitou Dist.",02-28913388,9
綺樂文旅 開封館,LE ROOM HOTEL,中正區開封街一段35號1至8樓,"No.35, Sec. 1, Kaifeng St., Zhongzheng Dist.",02-23615889,63
米窩飯店-中山,Meworld Hotel-Zhongshan,中山區中山北路二段183巷30、32號3樓,"3F., No.30,32, Ln. 183, Sec. 2, Zhongshan N. Rd., Zhongshan Dist.",02-25910183,13
旅樂序精品旅館五館,Hotel Relax 5,中正區重慶南路一段20號B1樓至10樓,"No.20, Sec. 1, Chongqing S. Rd., Zhongzheng Dist.",02-23756777,57
多郎明哥旅館,Dolamanco Hotel,大安區信義路三段73號,"No.73, Sec. 3, Xinyi Rd., Da’an Dist.",02-27001200,30
趣西門旅店,Funny Ximen Hotel,萬華區武昌街二段72號7樓,"7F., No. 72, Sec. 2, Wuchang St., Wanhua Dist.",02-23618266,27
璞漣商務旅館臺北車站店,HOTEL PURI TAIPEI STATION,大同區華陰街46號3樓,"3F., No.46, Huayin St., Datong District",02-25592662,43
金通商旅,non,大同區重慶北路一段1號10樓之1,"10F.-1, No. 1, Sec. 1, Chongqing N. Rd., Datong Dist.",02-25921919,9
承攜行旅台北重慶館,Guide Hotel Taipei Chongqing,大同區重慶北路一段62號1、4至10樓,"No.62, Sec. 1, Chongqing N. Rd., Datong Dist.",02-25580551,168
松河璞旅,Waterfront Hotel,松山區松河街112號1樓至8樓,"1-8F., No. 112, Songhe St., Songshan Dist.",02-25281567,42
路境行旅-府前館,Finders Hotel Fu-Qian,中正區重慶南路一段86號,"No.86, Sec. 1, Chongqing S. Rd., Zhongzheng Dist.",02-23899595,158
華弘怡亨酒店,"Hotel Eclat, Taipei",大安區敦化南路一段370號,"No.370, Sec. 1, Dunhua S. Rd., Da’an Dist.",02-27848888,68
兄弟大飯店,Brother Hotel,松山區南京東路3段255號,"No.255, Sec. 3, Nanjing E. Rd., Songshan Dist.",02-27123456,250
梅樓商務驛站,Main Inn Taipei,大同區鄭州路29巷1-1號2-4樓,"2F., No.1-1, Lane 29, Jhengjhou Rd., Datong District",02-25552587,18
台北商旅（大安館）,Les Suites Taipei (Da An),大安區大安路一段135號,"No.135, Taan Rd., Sec. 1",02-77119933,42
小王子甜蜜旅店,Honey Prince Hotel,萬華區漢中街42號9樓,"9F., No.42, Hanzhong St., Wanhua Dist.",02-23820225,9
麗之湯別館,Gorgeous Hot Spring Resort,北投區溫泉路銀光巷4-2號,"No.4-2, Yinguang Ln., Wenquan Rd., Beitou Dist.",02-28910033,40
士林町旅店,SHILIN DING 24H HOTEL,士林區安平街26號1至4樓,"No.26, Anping St., Shihlin District",02-28813133,10
路徒行旅-中華館,Roaders Hotel Zhonghua,中正區延平南路68號,"No.68, Yanping S. Rd., Zhongzheng Dist.",02-23120589,68
凱旋酒店,Just Palace,內湖區江南街55號3樓、9樓,"No.55, Jiangnan St., Neihu Dist.",02-87527888,88
藝宿商旅,YISU HOTEL,大同區重慶北路一段116號2樓至11樓及11樓夾層,"2F., No.116, Sec. 1, Chongqing N. Rd., Datong Dist.",02-25506655,69
幸福大旅社,HAPPINESS HOTEL,萬華區內江街55巷26號1-4樓,"1-4F., No.26, Ln. 55, Neijiang St., Wanhua Dist.",02-23716808,22
柯達大飯店台北松江,Khotels Taipei Songjiang,中山區松江路251號,"No.251, Songjiang Rd., Zhongshan Dist.",02-25159999,85
迪樂商旅,THE DEALER HOTEL,大同區延平北路一段121號1至6樓,"1-6F., No.121, Sec. 1, Yanping N. Rd., Datong Dist.",02-25551130,28
福容大飯店 台北一館,"Fullon Hotel Taipei,Central",大安區建國南路1段266號,"No.266, Sec. 1, Jianguo S. Rd., Da-an Dist.",02-27019266,120
悠趣旅店,URTRIP HOTEL,松山區長安東路2段219號12樓,"12F., No.219, Sec. 2, Chang’an E. Rd., Songshan Dist.",02-27752277,27
福爾摩莎北驛旅館,Formosa 101 Taipei Main Branch,中正區漢口街1段45號2、4樓及47號2樓,"2、4F., No. 45、47, Sec. 1, Hankou St., Zhongzheng Dist.",02-23816089,41
二十輪旅店,SWIIO HOTEL,萬華區武昌街二段72號5樓、6樓、10樓,"5.6.10F., No.72, Sec. 2, Wuchang St., Wanhua Dist.",02-23810500,48
鉑泊客2館,POSHPACKER HOTEL,中正區重慶南路1段37號,"1-5F, No.50, Sec.1 , Hankou St., Zhongzheng Dist.",02-23755555,44
藝築文旅台北站前館,Artinn,中正區襄陽路8號3至11樓,"3-11F.,No.8,Xiangyang Rd.,Zhongaheng Dist.",02-23820150,90
華達大飯店,Huada Hotel,中正區重慶南路一段1號6樓,"6F., No.1, Sec. 1, Chongqing S. Rd., Zhongzheng Dist.",02-23110212,14
世方旅居文旅,Hub Hotel - Taipei Songshan Airport,"中山區松江路485號1至5樓,5樓之1-3,6-7樓,7樓之1-5","Song Jiang Road, No.485",02-25025000,121
漾館溫泉商旅,Aqua Bella Hotel,北投區溫泉路63號1-4樓,"1-4F., No.63, Wuncyuan Rd., Beitou District",02-28911118,31
第一大飯店,First Hotel,中山區南京東路2段63號,"No.63, Sec. 2, Nanjing E. Rd., Zhongshan Dist.",02-25418234,176
萬事達旅店(中華店),Wonstar Hotel,萬華區中華路一段82號1-9樓,"1-9F., No.82, Sec. 1, Zhonghua Rd., Wanhua Dist.",02-23820889,56
仙渡莊旅社,XIAN DU ZUANG HOTEL,北投區大度路三段304號,"No.304, Sec. 3, Dadu Rd., Beitou District",02-28913537,14
城市商旅德立莊分館,hotel midtown richardson,中正區秀山街4號5-12樓、15樓；衡陽路99號5-12樓、15樓；延平南路110號5-11樓、15樓,"5F-12F,15F.,No4, Xiushan St.,; 5F-12F,15F., No.99, Hengyang Rd., ; 5F-11F,15F., No.110, Yanping S. R",02-23757777,535
沃客商旅-西門館,Walker Hotel.Ximen,萬華區中華路一段144號10樓,"10F., No.144, Sec. 1, Zhonghua Rd., Wanhua Dist.",02-23812633,23
太平洋商旅,PACIFIC BUSINESS Hotel,"信義區光復南路495號11樓之2及13,16,17,19樓","11F.-2, No.495, Guangfu S. Rd., Xinyi Dist.",02-87808000,48
漫步1948,Meander 1948,大同區太原路40、42、44號(1至4樓),"No.42, Taiyuan Rd., Datong Dist.",02-25588812,24
謙商旅(谷墨商旅-師大館),Goodmore Hotel,大安區和平東路一段145號2至4樓、147 號5至6樓、6樓之1、6樓之2,"No.147, Sec. 1, Heping E. Rd., Da’an Dist.",02-23955535,92
一等好旅店,GOOD HOTEL,"松山區八德路四段624巷2號B1-1樓,4號2-6樓","No.2, Ln. 624, Sec. 4, Bade Rd., Songshan Dist.",02-27609255,32
維多麗亞酒店,GRAND VICTORIA HOTEL,中山區敬業四路168號,"5-10F., No.168, Jingye 4th Rd., Zhongshan Dist.",02-85020007,96
復新文旅,Forever Inn,"中山區復興北路282號3,6樓","3、6F., No.282, Fuxing N. Rd., Zhongshan Dist.",02-77337959,19
配普特行旅,plain stay hostel,大同區鄭州路21巷4號(1樓至3樓),"No. 4, Ln. 21, Zhengzhou Rd., Datong Dist.",02-25583669,9
囍閱文創旅店,Hotel attic,萬華區長沙街二段11號10樓,"10F., No.11, Sec. 2, Changsha St., Wanhua Dist.",02-23886235,20
皇家玫瑰旅館西門館,Royal Rose Hotel Ximen,萬華區西寧南路63之1號,"No.63-1, Xining S. Rd., Wanhua Dist.",02-23819333,7
洛碁大飯店花華分館,Green World Flora Annex,中正區漢口街一段36號1-8樓及地下室,"No.36, Sec. 1, Hankou St., Zhongzheng Dist.",02-23123811,56
大光瀛商旅,Twin Star Inn,中正區忠孝西路1段50號地下3層,"B3., No. 50, Sec. 1, Zhongxiao W. Rd., Zhongzheng Dist.",02-23705590,49
瑞絲逸旅店,The rooms Inn,中山區林森北路96號2樓之1、之2,"2F.-1,-2, No. 96, Linsen N. Rd., Zhongshan Dist.",02-25641372,9
紅菱閣賓館,HUNGLINGKE HOTEL,"萬華區峨嵋街80,82號","No.80,82, Emei St., Wanhua District",02-23619696,27
明星大飯店,Mingxing Hotel,萬華區成都路21號2至3樓、23號2至3樓、27巷1號2至3樓,"2-3F., No.21, Chengdu Rd., Wanhua Dist.",02-23755227,34
台北北門窩泊旅,Beimen Wow Poshtel,大同區太原路92巷2之1、2之2、2之3、2之4號(1樓至4樓),"1~4F., No.2-1、2-2、2-3、2-4, Ln. 92, Taiyuan Rd., Datong Dist.",02-25525068,19
小公館人文旅舍,NK Hostel,"松山區南京東路五段399號5,8,14樓","5F, No.399, Sec5, Nanjing. E. Rd., Songshan Dist.",02-27690200,20
安庭台北商務旅館,My Hotel,大安區忠孝東路四段197號12樓、12樓之1、12樓之4、12樓之5、12樓之9,"12F, 12F.-1, 12F.-4,12F.-5,12F.-9 ,No.197, Sec.4, Zhongxiao E.Rd, Da’an Dist.",02-27780920,41
日好青旅,GOOD DAY HOSTEL,大同區甘谷街26號6樓,"6F., No. 26, Gangu St., Datong Dist.",02-25558667,11
丰居旅店雙連館,VIA LOFT HOTEL,"中山區民生東路一段42號2,3樓,-1至-5","2,3F.-1-5, No.42, Sec. 1, Minsheng E. Rd., Zhongshan Dist.",02-23112555,47
享住青旅,VIA LOFT HOTEL,中正區館前路8號地下1層,"2,3F.-1-5, No.42, Sec. 1, Minsheng E. Rd., Zhongshan Dist.",0970-939898,7
聖雄商旅,Hermit dorm,松山區基隆路一段8號、10號17至18樓,"17F-18F., No.8,N.10, Sec. 1, Keelung Rd., Songshan Dist.",02-27600920,37
台北馥敦飯店復南館,Taipei Fullerton Hotel - south,大安區復興南路二段41號,"No.41, Sec. 2, Fusing S. Rd., Da-an District",02-27031234,95
壹零壹艾美琪旅店,101AMICI,大安區復興南路一段126巷1號4樓,"4F., No.1, Ln. 126, Sec. 1, Fuxing S. Rd., Da’an Dist.",02-27728101,36
城市商旅德立莊二館,Hotel Midtown Richardson Ⅱ,中正區衡陽路97號2樓、97之1號2樓、99號2樓、101號2樓、101號2樓之1、103號2樓、103號2樓之1、105號2樓、延平南路110號2-4樓,"2F, No. 97, No. 97-1, No. 99, No. 101, No. 103, No. 105,Hengyang Rd.；2F-1, No. 101, No. 103,Hengy",02-23703258,199
禾順行旅,Wholesome Hotel,萬華區廣州街247號及247號2至6樓,"1F-6F., No.247, Guangzhou St., Wanhua Dist.",02-23081000,98
九昱晴美,Jolley Hotel,中山區林森北路568號2至13樓，3樓之1、2、3、5、6至12樓之1、2、3、5、6，13樓之1,"2F-13F，3F-1、2、3、5、6~12F-1、2、3、5、6,13F-1.,No.568, Linsen N. Rd.,Zhongshan Dist.",02-66080807,62
百樂匯大飯店,BROAD WAY HOTEL,北投區溫泉路99號1-4樓,"1-4F., No.99, Wenquan Rd., Beitou Dist.",02-28928288,33
新秀閣大飯店,SINCERE HOTEL,北投區光明路238號1-5樓,"1-5F., No.238, Guangming Rd., Beitou Dist.",02-28912166,17
背包棧旅店-台北長春店,Backpackers-Hostels Taipei Changchan,中山區長春路258巷6號2樓,"2F., No.6, Ln. 258, Changchun Rd., Zhongshan Dist.",02-25180188,43
果芒驛站旅店,GOMAN STATION HOSTEL,中正區忠孝西路一段50號23樓之18,"23F.-18, No.50, Sec. 1, Zhongxiao W. Rd., Zhongzheng Dist.",02-23706808,2
君帥旅館,HAN SHE HOTEL,萬華區成都路68號8-10樓,"4-5F., No.68, Chengdu Rd., Wanhua District",02-23718812,35
長弘時尚旅店,Changhong Fashion Hotel,中山區長春路56號3至5樓　,"3-5F., No.56, Changchun Rd., Zhongshan Dist.",02-25420101,24
日光樂居,funstayinn,萬華區西寧南路72之1號5樓,"5F., No. 72-1, Xining S. Rd., Wanhua Dist.",02-23889978,27
鴨川旅館,GAWA HOTEL,中山區中山北路二段65巷2弄60號1-6樓,"No.60, Alley 2, Lane 65, Sec. 2, Jhongshan N. Rd., Jhongshan District",02-25603965,20
品格子旅店西門館,Inn Cube (Ximen),萬華區西寧南路30號8樓,"8F., No.30, Xining S. Rd., Wanhua Dist.",02-23618008,35
旅居文旅-松山驛站,Hub Hotel Songshan Inn,松山區八德路四段626號3樓,"3F., No.626, Sec. 4, Bade Rd., Songshan Dist.",02-27635889,18
錦棧商旅,GOLDINN,中山區林森北路413號2樓、7樓、7樓之14及錦州街46號7樓、48號7樓、46號13樓、48號13樓,"2F, 7F, 7F-14, No. 413, Linsen N. Rd.；7F, No. 48, 7F, No. 46, 13F, No. 46, 13F, No. 48, Jinzhou St.",02-77012121,92
皇家季節酒店1館,SEASONS HOTEL,大同區南京西路326號1樓、2樓、3樓、4樓、5樓，及8樓、9樓,"No.326, Nanjing W. Rd., Datong Dist.",02-25554288,48
大地清旅,HORIZON INN,中山區長安東路二段246號4至5樓,"4-5F., No.246, Sec. 2, Chang’an E. Rd., Zhongshan Dist.",02-27110102,36
儷夏旅館-西寧館,Lixia Hotel Xining Guan,萬華區西寧南路30號3樓、9樓,"3、9F., No.30, Xining S. Rd., Wanhua Dist.",02-23616999,31
緒遠旅館,Shuyuan Hotel,中山區錦州街20號3樓,"3F., No.20, Jinjhou St., Jhongshan District",02-25682005,8
安庭澔思青年旅舍,Easymind Guest House,大同區承德路一段66號12樓,"12F., No.66, Sec. 1, Chengde Rd., Datong Dist.",02-25526176,4
漢普頓酒店,HAMP COURT PALACE,中山區建國北路2段7號,"No.7, Sec. 2, Jianguo N. Rd., Zhongshan Dist.",02-25069696,121
苓旅站前,Lininn TMS,中正區忠孝西路一段72號4樓,"4F., No.72, Sec. 1, Zhongxiao W. Rd., Zhongzheng Dist.",02-23814755,35
楓?微笑會館,Maple&#39;s Smile,士林區菁山里菁山路131巷18之1號,"No.18-1, Ln. 131, Jingshan Rd., Shilin Dist.",02-28622145,5
仲信大湖商旅,The Koos Hotel Dahu,內湖區成功路四段351、353號1至4樓,"No.353, Sec. 4, Chenggong Rd., Neihu Dist.",02-27932122,27
米窩飯店-松山,Meworld Hotel-Songsha,信義區松山路153號2-7樓,"2-7F., No.153, Songshan Rd., Xinyi Dist.",02-27565659,33
丹迪旅店-天母店,Dandy Hotel - Tianmu Branch,士林區中山北路六段728巷2號1-7樓,"No.2, Ln. 728, Sec. 6, Zhongshan N. Rd., Shilin Dist.",02-28732222,54
鳳凰閣旅社,Phoenix-hotspring.taiwan,北投區溫泉路106之1號,"No.106-1, Wuncyuan Rd.,Beitou District",02-28912827,25
柯達大飯店台北二店,"K Hotels, Taipei 2",中山區中山北路二段139號,"No.139, Sec. 2, Zhongshan N. Rd., Zhongshan Dist.",02-25255555,87
華泰瑞舍,GLORIA RESIDENCE,"中山區林森北路357及359號2樓,-1,-2,-3,-5,-6至7樓,-1,-2,-3,-5,-6、2樓-7,-8,-9至5樓-7,-8,-9","No.357-359, Linsen N. Rd., Zhongshan Dist.",02-25310699,48
國王大飯店,Emperor Hotel,中山區南京東路1段118號,"No.118, Sec. 1, Nanjing E. Rd., Zhongshan Dist.",02-25811111,97
旅居文旅西門驛站昆明館,Hub Hotel Ximen Inn Kunming Branch,萬華區昆明街142號7-8樓,"7-8F., No.142, Kunming St., Wanhua Dist.",02-23818131,37
有誠商旅,Yusense Hotel,士林區至善路二段55號4樓至10樓,"No.55, Sec.2, Zhishan Rd.,Shihlin Dist.",02-88615599,64
新仕商務旅店　　,SHIN-SHIH HOTEL　　,中山區民生西路8號及附2-12樓,"No.8, Minsheng W. Rd., Jhongshan District",02-25627466,44
馥麗精品旅館,ELEGANCE HOTEL,內湖區內湖路1段325號1-5樓,"No.325, Sec. 1, Neihu Rd., Neihu Dist.",02-26586167,28
美上美旅館,MEI SHANG MEI HOTEL,萬華區西園路一段168號11樓,"11F., No.168, Sec. 1, Siyuan Rd., Wanhua District",02-23088105,9
富順大飯店,FORTUNE HOTEL,大同區南京西路177號,"No.177, Nanking W. Rd., Datong Dist.",02-25551016,88
苓旅旅館中山館,LININN ZS,"中山區建國北路2段91號1樓,93號1至7樓,2樓-1至7樓-1,95巷2號1樓,4號1樓","No.93, Sec. 2, Jianguo N. Rd., Zhongshan Dist.",02-25084588,42
京都商務旅館,Taipei Kyoto Hotel,中山區長春路38號3-10樓,"No.38, Changchun Rd., Zhongshan Dist.",02-25673366,40
白色空間設計旅店,White Space Design Hotel,中正區許昌街40號4樓、4樓之1、4樓之2,"4F.-2,4F.-1,4F., No. 40, Xuchang St., Zhongzheng Dist.",02-23822200,13
皇后旅店二館,Queen Hotel II,大同區南京西路163號四樓之2,"4F.-2, No.163, Nanjing W. Rd., Datong Dist.",02-25555877,30
古奈堡精品旅館,Good9stay Hotel,萬華區峨眉街28號5樓之1,"5F.-1, No. 28, Emei St.",02-23816808,8
豐宿創新壹旅,GHotel,大同區南京西路165號6樓,"6F, No. 165, Nanjing W. Rd., Datong Dist.",02-77557937,28
洛碁大飯店中華館,Green World Zhonghua,中正區中華路一段41號2樓、3樓、10樓至14樓,"2,3,10-14F., No.41, Sec. 1, Zhonghua Rd., Zhongzheng Dist.",02-23705158,197
晶華酒店,Regent Taipei,中山區中山北路2段39巷3號,"No.3, Ln. 39, Sec. 2, Zhongshan N. Rd., Zhongshan Dist.",02-25238000,550
台北國泰萬怡酒店,Courtyard by Marriott Taipei Downtown,中山區民生東路三段6號地下1樓、1、2、14至20樓,"No.6,Sec 3,Minsheng E.Rd.,Zhongshan Dist.",02-77503377,227
時尚居商旅,Fashion Residence Business Travel Limited,"中山區民生東路三段9巷1之1號2樓, 1之1號 3樓,1之1號4樓, 1之2號2樓, 1之2號3樓, 1之2號4樓, 1之3號2樓, 1之3號3樓, 1之3號4樓","No. 1-1, Sec. 3, Minquan E. Rd., Zhongshan Dist.",02-25090102,8
新驛旅店,CityInn Hotel Branch 1,中正區懷寧街7號,"No.7, Huaining St., Zhongzheng Dist.",02-23148008,51
美侖商旅,Parkview Taipei,中山區吉林路49號1至8樓,"No.49,Jilin Rd.,Jhongshan Dist.",02-25313535,70
長虹大飯店,RAINBOW HOTEL,"萬華區漢中街36號1,3-8樓","No.36, Hanzhong St., Wanhua Dist.",02-23119193,68
大師會館國際酒店,Master Inn,大同區市民大道1段211號16樓等25室,"Civic Boulevard, 16th Floor, No. 211, Section 1, Datong Dist.",02-25597722,24
內江賓?,Nei Jiang Hotel,萬華區西寧南路112號2-6樓,"No.112, Xining S. Rd., Wanhua Dist.",02-23812147,17
町記憶旅店2館,Cho Hotel,萬華區昆明街113號2-4樓，115號1-4樓,"No.119,-1~-6,No.117,-1~-6, Kunming St., Wanhua Dist.",02-23709830,27
旅家雅舍,Cho Hotel,中正區南昌路二段222號11樓,"No.119,-1~-6,No.117,-1~-6, Kunming St., Wanhua Dist.",0926-657353,7
斯格加旅店,4 Plus Hostel,中山區林森北路72號1樓至4樓,"1~4F., No.72, Linsen N. Rd., Zhongshan Dist.",02-25629117,7
涪美飯店,Hotel B7 Journey,中正區重慶南路一段94號,"No. 94, Sec.1, Chongqing S. Rd.., Zhongzheng Dist.",02-23810086,49
清翼居旅店童話館,Morwing Hotel Fairytale,中正區開封街1段36號3-7樓,"3F-7F, No.36, Sec.1, Kaifeng St., Zhongzheng Dist",02-23117168,39
溫拿旅館,WARM LIFE HOTEL,北投區承德路7段380號1-5樓,"1-5F., No.380, Sec. 7, Chengde Rd., Beitou Dist.",02-28213191,28
賓王大飯店,KING PLAZE HOTEL,大同區南京西路163號3至4樓,"3-4F., No.163, Nanjing W. Rd., Datong Dist.",02-25555182,53
采舍精品旅館,Caishe Hotel,中山區農安街34號3樓及7樓,"3 and 7 F., No.34, Nong-an St., Jhongshan District",02-25963969,35
福爾摩莎壹零壹旅館,Formosa101 Hostel,信義區基隆路二段115號5樓、5樓之1及9樓,"5F&9F., No.115, Sec. 2, Keelung Rd., Xinyi Dist.",02-23771579,34
雅璞文旅,Apause INN,中正區黎明里10鄰館前路8號5樓及8樓,"5F, No. 8, Guanqian Rd, Zhongzheng District, 10047",02-23709966,64
台北五號商旅,chez Taipei No5,中正區延平南路160之5號(1樓至4樓),"No.160-5, Yanping S. Rd., Zhongzheng Dist.",02-23883067,6
正二旅館,The Blue by Just Inn,中正區漢口街一段2號3-9樓,"3-9 F, No.2, Sec. 1, Hankou St., Zhongzheng Dist.",02-23708008,55
富園國際商務飯店,Rich Garden Hotel,萬華區中華路一段178號,"No.178, Sec. 1, Zhonghua Rd., Wanhua Dist.",02-23887890,45
台北馥華商旅,FORWARD HOTEL TAIPEI,中山區一江街3號、3號2樓、2樓之1至之14、3號3樓、3樓之1至之14、3號4樓、4樓之1至之14、3號5樓、5樓之1至之14、3號6樓、6樓之1至之14、3號7樓、7樓之1至之14,"1-7F., No.3, Yijiang St., Zhongshan Dist.",02-25118896,90
紫園旅社,PURPLE GARDEN HOTEL,大同區南京西路18巷30號,"No.30, Lane 18, Nanjing W. Rd., Datong District",02-25557178,27
松哖酒店,Sonnien Hotel,大安區仁愛路三段6號及8號1至12樓,"No.6,8 Sec. 3, Ren’ai Rd., Da’an Dist.",02-27070101,89
台北寒舍艾美酒店,Le Meridien Taipei,信義區松仁路38號,"No.38, Songren Rd., Xinyi Dist.",02-66228000,160
台北碧瑤飯店,HOTEL B,松山區八德路二段367號1-10樓,"1-10F., No.367, Sec. 2, Bade Rd., Songshan District",02-27813121,84
俞美飯店,Hotel B6,萬華區武昌街二段106號2-8樓,"No. 106, sec 2., Wuchang St. Wanhua Dist.",02-23883008,42
金弘旅社,JIN HORNG HOTEL,大同區南京西路316號4樓,"4F., No.316, Nanjing W. Rd., Datong District",02-25554038,19
香榭峇里賓館,SHIANG JI SHIEH HOTEL,大安區忠孝東路三段305號7樓,"7F., No.305, Sec. 3, Zhongxiao E. Rd., Da’an Dist.",02-27114159,9
台北世聯商旅,Linkword Hotel Taipei,中山區松江路90巷5號1至7樓,"1-7F., No.5, Ln. 90, Songjiang Rd., Zhongshan Dist.",02-25626161,44
天使青旅,Angels&#39; Hostel . Taipei Ximen,中正區衡陽路51號2樓之2,"2F.-2, No.51, Hengyang Rd., Zhongzheng Dist.",02-23131319,8
城市商旅南東館,CITY SUITES Taipei Nandong,松山區南京東路五段411號地下三樓至7樓,"B3-7F., No.411, Sec. 5, Nanjing E. Rd., Songshan Dist.",02-27425888,127
圓山大飯店,The Grand Hotel,中山區中山北路4段1巷1號,"No.1, Ln. 1, Sec. 4, Zhongshan N. Rd., Zhongshan Dist.",02-28868888,408
富逸旅趣-北車開封館,Rich&Free Hotel-Taipei Main Station(Kaifeng),中正區開封街1段41號2-9樓,"No.41, Sec. 1, Kaifeng St., Zhongzheng Dist.",02-23881788,42
旅樂序精品旅館,Hotel Relax,中正區館前路8號10樓、11樓,"10-11F., No.8, Guanqian Rd., Zhongzheng Dist.",02-23832727,34
南港安樂旅社,MAY ROOMS TAIPEI,南港區南港路一段229號2-3樓,"2-3F., No.229, Sec. 1, Nangang Rd., Nangang Dist.",02-26511797,10
町記憶旅店,Cho Hotel,萬華區昆明街117號、117之1至之6號及119號、119之1至之6號1至7樓,"No.119,-1~-6,No.117,-1~-6, Kunming St., Wanhua Dist.",02-23709830,42
北投老爺酒店,Hotel Royal Beitou,北投區中和街2號1樓及6至12樓,"No.2, Zhonghe St., Beitou Dist.",02-28969777,50
雅莊旅館,ATTIC MOTEL,"中山區民族東路438號B1至4樓,440號B1至5樓","No.438, Minzu E. Rd., Zhongshan Dist.",02-25075999,37
雀客快捷台北永康,CHECK inn Express Taipei Yongkang,中正區信義路二段73號(1至7樓、1樓夾層、公共使用),"No. 73, Sec. 2, Xinyi Rd., Zhongzheng Dist.",02-23212721,43
福華國際文教會館,Howard Civil Service International House,大安區新生南路3段30號(住宿棟1 樓及5樓至14樓),"No.30.Sec.3,Shin-Shene South Road",02-77122323,279
玉璽精品飯店,Royal Jade Boutique Hotel,士林區中山北路七段14巷2之3號2至10樓、11樓（11層及12層）,"2-11F., No. 2-3, Ln. 14, Sec. 7, Zhongshan N. Rd., Shilin Dist.",02-28766579,85
台北漢來大飯店,GRAND HILAI TAIPEI,南港區經貿一路168號,"No. 168, Jingmao 1st Rd., Nangang Dist.",02-27886868,424
東棧商務旅店,VENDOME EAST INN,"大安區忠孝東路四段209號8樓,8樓-1,-2,211號8樓,8樓-1","8F., No. 209, Sec. 4, Zhongxiao E. Rd., Da’an Dist.",02-27117721,23
台北中山意舍酒店,amba Taipei Zhongshan,中山區中山北路二段57之1號1至8樓,"1-8F., No.57-1, Sec. 2, Zhongshan N. Rd., Zhongshan Dist.",02-25652828,90
漫映旅舍,Slow Town Hotel-Reel,中山區吉林路32號1-5樓,"2F.,No.32,Jilin Rd.,Zhongshan Dist.",02-25222111,14
柔美商旅,Roumei Hotel,中山區建國北路二段64巷9號,"No.9, Lane 64, Sec. 2, Jianguo N. Rd., Jhongshan District",02-25031133,47
台糖台北會館,Taisugar Hotel Taipei,中正區中華路一段39號,"No.39, Sec. 1, Zhonghua Rd., Zhongzheng Dist.",02-23885522,68
沃客汽車旅館,Walker Motel,北投區承德路七段236號,"No.236, Sec. 7, Chengde Rd., Beitou Dist.",02-28226666,63
柯達大飯店台北南京,K Hotels Nanjing,松山區南京東路三段333號2至11樓,"No. 333, Sec. 3, Nanjing E. Rd., Songshan Dist.",02-27196666,64
苓旅旅館萬年館,LININN,萬華區西寧南路70號7樓,"7F.,No.70,Sec.1,Xining S. Rd.",02-23814188,29
台北時代寓所,Hotel Resonance Taipei,中正區林森南路7號1至14樓、7-1號1樓,"1~14F., No. 7, Linsen S. Rd., Zhongzheng Dist.",02-77521888,175
柯達大飯店敦南店,KHOTEL TAIPEI DUNNAN,大安區敦化南路二段238號B1-14樓,"No.238, Sec. 2, Dunhua S. Rd., Da’an Dist.",02-27323333,77
薇閣精品旅館,Wego Motel Taipei,"中山區錦州街27、29號,31號2-4樓","No.27, Jinzhou St., Zhongshan Dist.",02-25318000,87
欣欣時尚旅店松山站,Shinshin Hotel Songshan,松山區八德路四段453巷12號8-9樓,"8-9F., No.12, Ln. 453, Sec. 4, Bade Rd., Songshan Dist.",02-27688832,32
立建賓館,HOTEL LEE-CHAN,"松山區八德路四段656,656-1號7-8樓","7F., No.656, Sec. 4, Bade Rd., Songshan District",02-27691135,66
洛碁大飯店忠孝館,Green World ZhongXiao,大安區忠孝東路四段180號1樓、4樓至14樓,"No.180, Sec. 4, Zhongxiao E. Rd., Da’an Dist.",02-27116869,150
西門雲町旅店,VIA LOFT HOTEL,萬華區漢中街52號12樓至13樓,"2,3F.-1-5, No.42, Sec. 1, Minsheng E. Rd., Zhongshan Dist.",02-23112555,32
路徒PLUS行旅-站前館,ROADERS PLUS HOTEL-TAIPEI STATION,中正區忠孝西路一段80號4樓、24至35樓,"4,24-35F., No. 80, Sec. 1, Zhongxiao W. Rd., Zhongzheng Dist.",02-23886366,127
富裕自由商旅,R & F HOTEL,大安區忠孝東路四段235號2樓、2樓之1、3樓、3樓之1、4樓之1、5樓之1、6樓之1、7樓、7樓之1及9樓,"3F., No.235, Sec. 4, Zhongxiao E. Rd., Da’an Dist.",02-27413147,67
大安公園旅店,DAAN PARK HOTEL,中正區信義路2段271號8樓,"8F., No.271, Sec. 2, Xinyi Rd., Zhongzheng Dist.",02-23965222,13
綺樂文旅 康定館,LE ROOM HOTEL,萬華區康定路32號1至6樓,"1-6F.,No.32, Kangding Rd., Wanhua Dist.",02-23615868,23
華麗大飯店,FERRARY HOTEL,萬華區康定路41號,"No. 41, Kangding Rd., Wanhua Dist.",02-23818111,88
木文陶喜時尚旅館,M.Taipei Hotel,信義區基隆路一段155號2樓之2、2樓之3,"No.155-2,Sec 1,Keelung Rd.,Xinyi Dist.",02-27494698,15
燦路都飯店,Hotel Sunroute Taipei,中山區民權東路1段9號地下1樓、2-10樓,"No.9, Sec. 1, Minquan E. Rd., Zhongshan Dist.",02-25973610,125
旅城驛鎮,Journey town inn,中山區松江路95-1號6樓,"6f,no.95-1,songjiang rd,zhongshan dist,taipei city 104 taiwan (R.O.C)",02-25081848,10
首都唯客樂飯店,Waikoloa Hotel Taipei,中山區長春路187號1-9樓,"1-9F., No.187, Changchun Rd., Zhongshan Dist.",02-25070168,80
古山園旅社,KUSHANYUAN HOTEL,萬華區華西街40巷16號,"No.16, Lane 40, Huasi St., Wanhua District",02-23067408,20
星西門行旅,STAR XIMEN,萬華區西寧南路36號9樓、9樓之1、9樓之31至43、9樓之45至51、10樓之1,"9F.,No.36,Xining S. Rd.,Wanhua Dist.",02-23313188,54
大地酒店,THE GAIA HOTEL,北投區奇岩路1號,"No.1, Qiyan Rd., Beitou Dist.",02-55518888,48
朗司旅館,chez nous hotel,大安區信義路3段147巷18號、2樓至7樓、2樓之1及6樓之1,"No.18, Ln. 147, Sec. 3, Xinyi Rd., Da’an Dist.",02-27018110,25
天母之星商務會館,Tianmu Star Urban Living,"北投區石牌路一段166巷46號,2樓至7樓、2樓之1至5樓之1、2樓之2至5樓之2","No. 46, Ln. 166, Sec. 1, Shipai Rd., Beitou Dist.",02-28231896,17
信星旅館,star hostel,大同區華陰街48號至48之11號4樓、50號至50之11號5樓,"5F., No.50~ No.50-11,4F., No.48~ No.48-11, Huayin St., Datong Dist.",02-25562015,57
台北北投雅樂軒酒店,Aloft Taipei Beitou,北投區中央里大業路302號、300巷1號，2樓,"No.302, Daye Rd., Beitou Dist.",02-77011788,292
西悠巢旅台北館,C U Hotel Taipei,大同區民生西路198號之2 (代表號),"1F., No.198, Minsheng W. Rd., Datong Dist.",02-25585500,87
台北花園大酒店,Taipei Garden Hotel,中正區中華路2段1號,"No.1, Sec. 2, Zhonghua Rd., Zhongzheng Dist.",02-23143300,241
寧夏2號旅店,NING XIA No.2 INN,大同區寧夏路2號,"No.2, Ningxia Rd., Datong Dist.",02-25507619,19
酩月大飯店,Ming Le Hotel,萬華區成都路21號4至5樓，23號4至5樓，27巷1號4至5樓,"4-5F., No.21, Chengdu Rd., Wanhua Dist.",02-23755218,31
和旅瓏旅館西門館,HATAGO,萬華區西寧南路105號2至5樓、2樓之1至5樓之1,"2-5F., No. 105, Xining S. Rd., Wanhua Dist.",02-23616569,42
老爺大酒店,Hotel Royal-Nikko Taipei,中山區中山北路2段37之1號,"37-1,Chung Shan North Road, Section 2",02-25423266,202
洛碁大飯店林森館,Green World Linsen,中山區林森北路617號1至10樓,"No.617, Linsen N. Rd., Zhongshan Dist.",02-25955225,80
欣欣時尚旅店,SHIHHSIN HOTEL,萬華區昆明街34號4樓,"4F., No.34, Kunming St., Wanhua Dist.",02-23112898,13
茹曦酒店,ILLUME TAIPEI,松山區敦化北路100號,"No.100, Dunhua N. Rd., Songshan Dist.",02-27198399,312
華大HOTEL,Hwa Da Hotel,信義區永吉路30巷150號1-7樓,"1-7F., No.150, Ln. 30, Yongji Rd., Xinyi Dist.",02-27635313,24
首都大飯店松山館,Capital Hotel-SongShan branch,松山區八德路四段658號1至12樓,"1-12F., No.658, Sec. 4, Bade Rd., Songshan Dist.",02-77375577,123
凱達大飯店,Caesar Metro Hotel,萬華區艋舺大道167號,"No.167, Bangka Blvd., Wanhua Dist.",02-23066777,745
帝華旅社,TI HWA HOTEL,萬華區桂林路89號11-12樓,"11-12F., No.206, Guilin Rd., Wanhua District",02-23118411,32
路徒PLUS行旅-主題館,ROADERS PLUS HOTEL-THEME,中正區忠孝西路一段80號5至12樓,"5-12F., No. 80, Sec. 1, Zhongxiao W. Rd., Zhongzheng Dist.",02-23311788,109
大倉久和大飯店,The Okura Prestige Taipei,中山區南京東路1段9號,"9 Nanjing E. Rd., Sec. 1",02-25231111,208
雅齊旅館,Anjoy Inn,中正區重慶南路1段86號3樓、3樓之1、4樓、4樓之1、5樓及3樓、4樓等共同使用、5樓共同使用,"3F.3F-1.4F.4F-1.5F., No. 86, Sec. 1, Chongqing S. Rd., Zhongzheng Dist.",02-23709988,93
尚印旅店,StayInn Taipei,中山區中山北路二段71號8樓,"8F., No.71, Sec. 2, Zhongshan N. Rd., Zhongshan Dist.",02-25682270,23
捷絲旅臺大尊賢館,JustSleep Taipei NTU,大安區羅斯福路4段83號1-10樓,"No.83,Sec.4,Roosevelt Rd., Da&#39;an Dist.",02-77355088,76
日光拾玖,sky 19 hotel,中正區忠孝西路一段50號19樓、19樓之1、之2、之5、之17、之27、之29、之31、之43及19樓等共同使用,"19F,19F-1、-2、-5、-17、-27、-29、-31、-43, No. 50, Sec. 1, Zhongxiao W. Rd., Zhongzheng Dist.",02-23889998,40
東姿商務旅館,EasternBeauty Hotel,中山區一江街33號1-4樓,"1-4F., No.33, Yijiang St., Zhongshan Dist.",02-25638866,29
新驛旅店復興北路店,CityInn Hotel Plus Fuxing N. Rd. Branch,中山區復興北路338號,"No.338, Fuxing N. Rd., Zhongshan Dist.",02-25158777,120
洛碁大飯店舞衣南京館,Green World Mai-Nanjing,中山區南京東路二段163號1-8樓,"NO.163,SEC.2.NANJING E.ROAD.,ZHONGSHAN DIST.,TAIPEI CITY 104 TAIWAN",02-25035511,40
宜家居商旅,E-JIA,北投區中和街40號3樓及3樓之1,"3F,NO40,JHINGHE ST,BEITOUDIST,TAIPEI",02-28910502,39
東楓商旅,Vendome East Maple inn,大安區忠孝東路四段209號7樓、7樓之1、7樓之2、211號7樓,"No.211-7,No.209-7, Sec. 4, Zhongxiao E. Rd., Da’an Dist.",02-27211511,22
碩美精品飯店,HOTEL BSTAT,中山區中山北路2段71號3樓,"3F., No.71, Sec. 2, Zhongshan N. Rd., Zhongshan Dist.",02-25621598,25
千彩格精品旅店　,Colors Infinity Inn　,中山區林森北路286號2至3樓,"2-3F., No.286, Linsen N. Rd., Zhongshan Dist.",02-25637555,19
米窩飯店-西門,Meworld Hotel - Ximen,萬華區成都路101、103號1-6樓,"1-6F., No.101, Chengdu Rd., Wanhua Dist.",02-23759951,34
貓尾口袋（西門館）,CAT TAIL POCKET INN (XIMEN),萬華區康定路25巷1號2至4樓,"2-4F., No. 1, Ln. 25, Kangding Rd.",02-25586002,10
皇家玫瑰旅館中山館,Royal Rose Hotel Zhongshan,中山區林森北路133巷8號3樓、4樓、7樓,"No.8, Ln. 133, Linsen N. Rd., Zhongshan Dist.",02-25317333,16
思泊客,SPARKLE HOTEL,"信義區信義路五段16號B1,18號B1,B1-1","B1F., No.16, Sec. 5, Xinyi Rd., Xinyi Dist.",02-27230999,45
臺北嘉佩樂酒店 Capella Taipei,Capella Taipei,松山區敦化北路131、133、135、137、139號（地下1樓至2樓、14至17樓）及129號地下1樓至2樓,"No. 131、133、、137、139, Dunhua N. Rd., Songshan Dist.",02-77096868,86
東京國際飯店,Tokyo International Hotel,中山區長春路39號2-6樓,"No.39, Changchun Rd., Zhongshan Dist.",02-25643733,43
宏洲旅社,HON CHOU HOTEL,萬華區漢中街4號1-7樓,"1-7F., No.4, Hanzhong St., Wanhua Dist.",02-23319841,28
日初青旅,Sundaily Hostel,中正區重慶南路一段49號9樓,"9F., No. 49, Sec. 1, Chongqing S. Rd., Zhongzheng Dist.",02-23615222,12
優美飯店,YOMI hotel,中山區民生東路一段28號1-8樓,"No.28, Sec. 1, Minsheng E. Rd., Zhongshan Dist.",02-25255678,63
明日大飯店,Tomorrow Hotel,萬華區成都路23號、27巷1號6至8樓,"4-8F., No.23 and No.1, Ln. 27, Chengdu Rd., Wanhua Dist.",02-23755500,40
怡品商旅,Eastin Taipei Hotel,大安區忠孝東路四段87號13﹑14樓,"13-14F., No.87, Sec. 4, Zhongxiao E. Rd., Da’an Dist.",02-27766136,81
義華酒店,YIHUA Hotel,中山區樂群二路197號,"No.197, Lequn 2nd Rd., Zhongshan Dist.",02-85029988,149
台北君品大酒店,Palais De Chine Hotel Taipei,大同區承德路1段3號(1樓.5樓~16樓及地下1樓.地下3樓),"No.3, Sec. 1, Chengde Rd., Datong Dist.",02-21819999,286
甲山林湯旅JSL hotel,JSL hotel,中山區興安街56、58、60號1樓，62號1至9樓,"1F No.56、58、60,1-9F No.62,Xing’an St.,Zhongshan Dist.",02-25012222,157
柯達大飯店台北天津,K HOTELS TAIPEI TIANJIN,中山區中山北路1段53巷22號、22號4樓至8樓,"No.22, Ln. 53, Sec. 1, Zhongshan N. Rd., Zhongshan Dist.",02-25812222,57
禾裕 北車,Heyu House Hotel - Taipei Main Station,中正區重慶南路一段1號3樓,"3F, No.1, Sec.1, Chongqing S. Rd., Zhongzheng Dist",02-29643678,23
承攜行旅台北八德館,Guide Hotel Taipei Bade,松山區八德路四段213號1-7樓,"No.213, Sec. 4, Bade Rd., Songshan District",02-27425575,76
愛玩客旅店,I Play Inn,萬華區西寧南路30號12樓,"12F., No.30, Xining S. Rd., Wanhua Dist.",02-23316008,1
新驛旅店台北車站二館,Cityinn Hotel Taipei Station Branch II,大同區長安西路83號,"No.83, Chang-an W. Rd., Datong District",02-25555577,50
晶城青年旅館,Starbox Hostel,大同區南京西路288號4樓（本號1戶）,"4F., No. 288, Nanjing W. Rd., Datong Dist.",02-25507220,3
丹居青旅,Starbox Hostel,萬華區漢中街154號,"4F., No. 288, Nanjing W. Rd., Datong Dist.",0977-066154,11
城美行旅,CHAIR MAN HOTEL,"中正區漢口街一段88,90號1-7樓","1-7F., No.88, Sec. 1, Hankou St., Zhongzheng Dist.",02-23147305,59
上華旅館,Good Life Hotel,中山區雙城街5號2樓至6樓,"No.5, Shuangcheng St., Jhongshan Dist.",02-25911190,40
雲富大飯店,Hotel Cloud,中山區長春路24號2樓至8樓,"No.24, Changchun Rd., Zhongshan Dist.",02-25316767,55
山水樂會館,SHAN-SHUI-YUE RESORT,北投區中和街20巷6號,"No.6, Ln. 20, Zhonghe St., Beitou Dist.",02-28922665,18
一加一旅館,one plus one hotel,萬華區昆明街34號3樓,"3F., No.34, Kunming St., Wanhua Dist.",02-23892886,13
和怡商務旅館,The we hotel,南港區重陽路122號,"No.122, Chongyang Rd., Nangang Dist.",02-27890505,43
陽明山美國渡假村,american village resort,士林區凱旋路69號、71號及61巷2弄6至10號,"No.69.Kaixuan Rd.Shlin, Dist.",02-28623232,28
美觀園旅社,MEI KUAN YUAN HOTEL,萬華區西寧南路90巷13號,"NO.13,Lane 90,Xining South Rd.Wanhua Dist",02-23314123,15
珂曼旅館,COMMA Boutique Hotel,萬華區西寧南路77號1-15樓、2樓之1-15樓之1、3樓之2-14樓之2、12樓之3-13樓之3、12樓之5,"1-15th floor,No. 77, Xining South Road, Wanhua District",02-23886000,64
東驛 E-HOUSE,E-HOUSE HOTEL,萬華區西寧南路155號3F,"3F., No.155, Xining S. Rd., Wanhua Dist.",02-23615161,13
雅柏精緻旅館,Alper Motel,松山區南京東路五段319、321、323、325、327、329、331號,"No.325, Sec. 5, Nanjing E. Rd., Songshan Dist.",02-27645858,36
雲沐行旅,Cloud Hotel Arena,大安區忠孝東路四段197號13樓及13樓之4、5、6、7、8、9,"13F., No.197, Sec. 4, Zhongxiao E. Rd., Da’an Dist.",02-27735177,42
東皇大飯店,EMPIRE HOTEL,北投區溫泉路108號1-6樓,"1-6F., No.108, Wenquan Rd., Beitou Dist.",02-28913027,39
豪贊旅店,HAOZHAN HOTEL,萬華區昆明街34號2樓,"2F., No.34, Kunming St., Wanhua Dist.",02-23702199,14
大來商旅,Delight Hotel,松山區長春路432號1-7樓,No. 432 Changchun Rd.,02-27160011,62
洛碁三貝茲,Green World Triplebeds,松山區八德路四段16號1-7樓,"1-7F., No.16, Sec. 4, Bade Rd., Songshan Dist.",02-27630555,54
晴悅旅店,Ching Yueh Hotel,中山區新生北路三段10號2、3樓,"2F., No. 10, Sec. 3, Xinsheng N. Rd., Zhongshan Dist.",02-25992211,19
福泰桔子商務旅館西門店,Forte Orange Hotel-Ximen,萬華區中華路一段166之2號1至11樓,"No. 166-2, Section 1, Zhonghua Rd., Wanhua Dist.",02-23115556,60
情覓汽車旅館,LOVE STORY HOTEL,中山區植福路189號2樓,"No.189, Zhifu Rd., Zhongshan Dist.",02-85020689,16
互舍商旅台北館,"H? House, Taipei",大同區重慶北路二段172號1至14樓、5樓之1至14樓之1及174號、保安街13、11號4樓,"No.172, Sec. 2 Chongqing N. Rd. ,Datong Dist.",02-25533919,148
丹迪旅店-天津店,Dandy Hotel Tianjin Branch,中山區中山北路一段135巷13號,"No.13, Ln. 135, Sec. 1, Zhongshan N. Rd., Zhongshan Dist.",02-25415788,30
薇閣精品旅館(大直),We-Go Motel,中山區敬業三路11號,"No.11, Jingye 3rd Rd., Zhongshan Dist.",02-85026000,96
貴族商務旅館,NOBLE MOTEL,"士林區忠誠路二段21巷10,12號1至6樓","1-6F., No.10,12, Ln. 21, Sec. 2, Zhongcheng Rd., Shilin Dist.",02-28323388,49
台北漫步旅店,Meander Taipei Hostel,萬華區成都路163號2至6樓,"2-6F., No.163, Chengdu Rd., Wanhua Dist.",02-23831334,27
柯達大飯店台北林森,K HOTELS LINSEN,中山區林森北路74號、76號(1樓至8樓 ),"No. 74, Linsen N. Rd., Zhongshan Dist.",02-25712222,49
WESTGATE HOTEL 永安棧,WESTGATE HOTEL,萬華區中華路一段148號1樓、148之1號1樓及150號1至10樓,"No. 148 1F, No. 148-1 1F, No. 150, Section 1, Chung Hwa. Rd., Wanhua Dist.",02-23313161,121
美好行旅北車重慶館,Wondertime,中正區重慶南路一段1號5樓,"5F., No.1, Sec. 1, Chongqing S. Rd., Zhongzheng Dist.",03-2873706,14
承攜行旅台北台大館,Guide Hotel Taipei NTU,中正區羅斯福路三段98號1-8樓,"1-8F., No.98, Sec. 3, Roosevelt Rd., Zhongzheng Dist.",02-23657367,35
美好行旅,美好行旅,中正區開封街一段2號12樓、12樓之1,"12F., No. 2, Sec. 1, Kaifeng St., Zhongzheng Dist.",02-23617608,5
探索汽車旅館延平館,Discovery Motel Yanpin,士林區延平北路五段23號2至5樓及23之1號2至5樓,"No.23, Sec. 5, Yanping N. Rd., Shilin Dist.",02-88112588,40
陸號行旅西門館,hotel6 Ximen,萬華區中華路一段152號5樓、5樓之1、9樓、10樓；成都路1號9樓、10樓,"5th, 1st, 9th, and 10th floors, No. 152, Section 1, Zhonghua Road, Wanhua District",02-23144003,27
金來商旅,Royal Biz Taipei,"中正區金山南路1段71號B1-7樓,71之1號2-7樓","No.71, Sec. 1, Jinshan S. Rd., Zhongzheng Dist.",02-23979399,48
文舺行旅,Monka Hotel,萬華區西園路一段139號1-4樓,"1F-4F., No.139, Sec. 1, Xiyuan Rd., Wanhua Dist.",02-23064990,9
陸號行旅中華館,hotel6 Zhonghua,萬華區中華路一段90號9樓、11樓,"9F.、11F.,No.90,Sec.1,Zhonghua Rd.,Wanhua Dist.",02-23112522,72
雀客旅館台北站前,CHECK inn Taipei Main Station Branch,中正區襄陽路4號(1至10樓),"1F.~10F,No. 4, Xiangyang Rd., Zhongzheng Dist.",02-23120522,100
北投天玥泉溫泉會館,BEITOU HOT SPRING RESORT,北投區中山路3號3樓,"3F, No.3, Zhongshan Rd., Beitou Dist.",02-28988661,21
北門臥客青年旅舍,WE COME HOSTEL,大同區甘谷街26號2樓之1,"2F.-1, No.26, Gangu St., Datong Dist.",02-25557177,5
MVSA 慕舍酒店,Hotel Mvsa,中山區建國北路一段61號,"No. 61, Sec. 1, Jianguo N. Rd., Zhongshan Dist.",02-25006772,38
台北馥華商旅南港館,Forward Hotel Taipei-Nangang Branch,南港區三重路23號1-4樓,"1-4F., No.23, Sanchong Rd., Nangang Dist.",02-27852655,66
東旅,Hotel East,松山區南京東路五段97號地下1樓、1樓夾層、1至10樓,"B1-10F,No.97, Sec. 5, Nanjing E. Rd., Songshan Dist.",02-27663889,35
台北文華東方酒店,"Mandarin Oriental Hotel, Taipei",松山區敦化北路158號B3-14樓,"B3-14F, No.158, Dunhua N. Rd., Songshan Dist.",02-27156888,303
台北國際飯店,Taipei International Hotel,中山區南京東路一段66號3樓至10樓,"3F-10F., No. 66, Sec. 1, Nanjing E. Rd., Zhongshan Dist.",02-66085999,85
拉開門輕旅,Le Passage Hostel,中正區紹興北街8號4樓之1至4樓之3,"4F.-1, No.8, Shaoxing N. St., Zhongzheng Dist.",02-66044400,6
皇家大飯店,ROYAL HOTEL,中正區懷寧街5-1號1-6樓,"No 5-1,Hwaining Street",02-23111668,40
途中‧台北國際青年旅舍,On My Way . Taipei Youth Hostel,北投區光明路82號1至5樓,"No. 82, Guangming Rd., Beitou District",02-28910230,10
同一大飯店,Unite hotel,中山區農安街36號3-10樓　,"3-10F, No. 36, Nong&#39;an St., Zhongshan Dist.",02-25923977,95
新麗旅店,*,"萬華區開封街二段53號3-5,7-9樓","No. 53, Sec 2, Kaifeng St., Wanhua Dist.",02-23817899,22
薆悅酒店,inhouse hotel,萬華區西寧南路107號1至10樓,"No.107 Xining South Road, Wanhua Dist.",02-23753388,53
歐華酒店,The Riviera Hotel,中山區林森北路646號,"No.646, Linsen N. Rd., Zhongshan Dist.",02-25853258,112
門埕青旅,Old Door Hostel,大同區鄭州路21巷10號(1至3樓),"No.10, Ln. 21, Zhengzhou Rd., Datong Dist.",02-25585676,2
誠品行旅,eslite hotel,信義區菸廠路98號、2樓、3樓,"No.98, Yanchang Rd., Xinyi Dist.",02-66262888,104
大欣大飯店,DAHSHIN HOTEL,中山區中山北路二段27巷2-2號1-5樓,"No.2-2, Ln. 27, Sec. 2, Zhongshan N. Rd., Zhongshan Dist.",02-25652155,32
趣旅館‧林森館,Discovery Hotel.Linsen,中山區林森北路487號1樓至2樓,"1F., No.487, Linsen N. Rd., Zhongshan Dist.",02-25683242,123
卡夫人背包客棧,Cavemem Hostel,中正區館前路34號7樓,"7F, No.34, Guanqian Rd.",02-23881666,14
賦樂旅居,HOTEL PROVERBS TAIPEI,大安區大安路一段56號、56號4樓,"No.56, Sec. 1, Da’an Rd., Da’an Dist.",02-27111118,42
台北中山雅樂軒酒店,Aloft Taipei Zhongshan,中山區雙城街1號,"No.1, Shuangcheng St., Zhongshan Dist.",02-77439999,88
台北星辰旅館,TAIPEI CITIZEN HOTEL,中正區金山南路一段80號1至7樓,"No.80, Sec. 1, Jinshan S. Rd., Zhongzheng Dist.",02-23971377,52
新驛旅店西門捷運店,Cityinn Hotel Plus - Ximending Branch,"中正區衡陽路124號1、2、4、6、7樓,寶慶路63號","1,2,4,6,7F., No.124, Hengyang Rd., Zhongzheng Dist.",02-77252288,44
麗都大飯店,Rido Hotel,大安區信義路三段11號1-11樓,"No.11, Sec. 3, Xinyi Rd., Da-an Dist.",02-27065600,73
力歐時尚旅館西門館,LIO HOTEL XIMEN,"萬華區康定路25巷36弄4,6號2-4樓","2-4F., No.4-6, Aly. 36, Ln. 25, Kangding Rd., Wanhua Dist.",02-23889855,17
上賓大飯店,VIP HOTEL,中山區錦州街23巷4號,"No.4, Lane 23, Jinjhou St., Jhongshan District",02-25113232,50
友徠精品旅館,Uline Boutique Motel,南港區重陽路57巷15號,"No.15, Ln. 57, Chongyang Rd., Nangang Dist.",02-26510101,26
浩室物業1館,MeetingMates,萬華區昆明街316號、318號,"No.316,No.318, Kunming St., Wanhua Dist.",02-77553617,11
希爾商旅台北館,"HotelsHere,Taipei",中山區南京東路二段11號4至5樓,"4-5F, No.11, Sec. 2, Nanjing E. Road, Zhongshan District",02-25678858,32
旅樂序精品旅館二館,HOTEL RELAX2,中正區漢口街一段15號1至8樓,"1-8F, No.15, Sec. 1, Hankou St., Zhongzheng Dist.",02-23757555,58
國際大旅館,INTERNATIONAL HOTEL,北投區湖山路一段7號,"No.7, Sec. 1, Hushan Rd., Beitou Dist.",02-28617100,44
寶格利時尚旅館,BURGARY HOTEL,萬華區中華路一段168號1-15樓,"1-15F., No.168, Sec. 1, Zhonghua Rd., Wanhua Dist.",02-23821314,46
香樹花園酒店,S-AURA HOTEL,中山區堤頂大道二段566號1樓、2樓、4 樓（四層至六層）、7樓（七層至十一層）,"7-11F., No.566, Sec. 2, Tiding Blvd., Zhongshan Dist.",02-85023955,84
台灣柒天精品旅店,Sevenday Hotel,萬華區環河南路二段282號1至4樓,"No.282, Sec. 2, Huanhe S. Rd., Wanhua Dist.",02-23085222,36
橙舍背包客國際青年旅館,TW Hostel,萬華區漢口街二段41號1-3樓,"3F., No. 56, Sec.2, HanKou St., Wanhua Dist.",02-23119559,5
藝築文旅開封館,Artinn Hotel,萬華區開封街二段63號,"No. 63, Sec. 2, Kaifeng St., Wanhua Dist.",02-23312986,12
方舟旅店,ARK HOTEL,中正區信義路二段255號1至4樓,"1-4F., No.255, Sec. 2, Xinyi Rd., Zhongzheng Dist.",02-23912600,12
太子文旅-修齊館,Academy Hotel-Hsiu Chi,中正區思源街16、16之1號,"No. 16、16-1, Siyuan St., Zhongzheng Dist.",02-23631066,95
春天酒店,Spring City Resort,北投區幽雅路18號,"1-6F., No.18, Youya Rd., Beitou Dist.",02-28924546,81
玩行旅 台北館,wowhappy-taipei,中正區金山南路1段8號1樓至8樓,"No.8,Sec.1,Jinshan S.Rd., Zhongzheng Dist.",02-23212680,49
嘉賓閣旅館,Jia Bin Ger Hot Spring Resorts Hotel,北投區光明路230號B1-7樓,"B1-7F., No.230, Guangming Rd., Beitou Dist.",02-28930055,47
台北慕軒飯店，臻品之選,"Madison Taipei, a Tribute Portfolio Hotel",大安區敦化南路一段331號1-13樓,"1-13F., No.331, Sec. 1, Dunhua S. Rd., Da’an Dist.",02-77266699,124
美麗信花園酒店,Miramar Garden Taipei,中山區市民大道三段83號,"No.83, Sec. 3, Civic Blvd., Zhongshan Dist.",02-87728800,203
漫旅時光,Travel Time hotel,中山區林森北路282號3樓,"3F., No.282, Linsen N. Rd., Zhongshan Dist.",02-25617711,20
美亞商旅,MAYER INN,中正區忠孝西路一段50號3樓至5樓及3樓之1至5樓之1,"3-5F., No. 50, Sec. 1, Zhongxiao W. Rd., Zhongzheng Dist.",02-23313001,264
龍山旅社,Monka Hotel,萬華區西園路一段125巷13-1號1-3樓,"1F-4F., No.139, Sec. 1, Xiyuan Rd., Wanhua Dist.",02-23064990,14
龍蝦先生的秘密巢穴,The Box Hotel,大同區重慶北路一段22號9樓,"9F, No. 22, Sec.1, Chongqing N Rd, Datong Dist.",02-25558752,33
小雅旅店,SHOW ART HOTEL,松山區八德路四段616號5樓,"5F., No.616, Sec. 4, Bade Rd., Songshan Dist.",02-27631122,17
天雲旅棧台北基河,Tango Hotel Taipei JiHe,士林區基河路18號,"No.18, Jihe Rd., Shilin Dist.",02-28856666,31
日日吉旅店,Lucky One Hostel,大同區昌吉街1號 1樓至3樓,"No.1, Changji St., Datong Dist.",02-25991787,21
北投晶泉丰旅,Wellspring by Silks Beitou,北投區泉源路19號、19之1號（地上1層至地上14層）,"No. 19, Quanyuan Rd., Beitou Dist.",02-66108000,98
丹迪旅店-大安森林公園店,Dandy Hotel Dann Park Branch,大安區信義路三段33號3-10樓,"NO.33,Sec. 3,Xinyi Rd., Da’an Dist.",02-27076899,73
天雲旅棧台北開封,Tianyun Hotel Taipei Kaifeng,中正區開封街1段33號1至8樓,"1-8F., No. 33, Sec. 1, Kaifeng St., Zhongzheng Dist.",02-23811111,158
泊居旅店二館,OURS INN II,中山區林森北路96號3樓、3樓之1,"3F-1,3F,No.96,Linsen N, Rd.,Zhongshan Dist.",02-25417766,14
享住旅店 Just Live Inn,Just Live Inn,"中正區漢口街一段4,6號2-4樓","No.4,6, Sec. 1, Hankou St., Zhongzheng Dist.",02-23713151,18
老爺商務會館,RoyalInn Taipei Nanxi,中山區南京西路1號8-11樓,"8F., No.1, Nanjing W. Rd., Zhongshan Dist.",02-25316171,76
旅晨行旅,RE-CHANGE,中正區重慶南路一段1號2樓,"2F., No.1, Sec. 1, Chongqing S. Rd., Zhongzheng Dist.",02-23116388,23
台北美福大飯店,Grand Mayfull Hotel Taipei,中山區樂群二路55號,"No.55, Lequn 2nd Rd., Zhongshan Dist.",02-77223399,146
?朗旅宿,AKA HOTEL,大安區金華街187號2樓、5樓~13樓,"2F., NO.187,Jinhua St.,Da& #39;an Dist.",02-23418828,100
意芙旅店,IF inn,大同區延平北路二段197號2樓,"2F., No.197, Sec. 2, Yanping N. Rd., Datong Dist.",02-25532133,20
洛碁大飯店慶天閣,Green World Sansui,中山區中山北路二段181號7-9樓,"1-5F., No.181, Sec. 2, Zhongshan N. Rd., Zhongshan Dist.",02-25971281,24
雀客藏居台北內湖,CHECK inn SELECT Taipei NeiHu,內湖區成功路二段512、514號地下1樓至10樓,"B1F-10F., No. 512、514, Sec. 2, Chenggong Rd., Neihu Dist.",02-27956977,160
所在行旅,Urban Abode,中正區忠孝西路一段50號 24樓之6,"Suite 6, 24th Fl., No. 50, Sec. 1, Zhongxiao W. Rd., Zhongzheng Dist.",02-77552077,2
美代溫泉飯店,BEAUTYAGE SPRING HOTEL,北投區光明路281號1-3樓,"No.281, Guangming Rd., Beitou Dist.",02-28912174,20
新舍商旅-林森館,XINSHE Hotel Linsen,中山區林森北路477號,"No.477, Linsen N. Rd., Zhongshan Dist.",02-77431000,79
雀客旅館台北內湖,CHECKinn Taipei NeiHu,內湖區民權東路六段123巷34弄1號1至12樓,"1-12F., No.1, Aly. 34, Ln. 123, Sec. 6, Minquan E. Rd., Neihu Dist.",02-87925319,87
立和商務旅館-漢口館,LIHO HOTEL-HanKou,萬華區漢口街二段54號10樓,"10th Floor, No. 54, Section 2, Hankou Street, Wanhua District",02-23613350,59
五月家青旅台大館,May Rooms Taipei NTU Gongguan Branch,文山區羅斯福路四段208號1-2樓,"No.208, Sec. 4, Roosevelt Rd., Wunshan District",02-23652284,13
黛芬旅館,TAIFEN HOTEL,萬華區昆明街76號3樓,"3F., No.76, Kunming St., Wanhua District",02-23719751,15
慶爾喜旅館長沙一館,CheersLoft,萬華區長沙街二段11號2樓,"2F,N0.11,Sec.2,Changsha St. Wahua Dist. ",02-77309920,15
六福居,Leofoo Residences,中山區南京東路一段38號,"No.38, Sec. 1, Nanjing E. Rd., Zhongshan Dist.",02-77010165,49
客憩旅宿,COZY HOME,中正區重慶南路一段63號2樓,"2F., No. 63, Section 1, Chongqing South Road, Zhongzheng District",02-23116118,11
在家行旅,At Home,中山區中山北路二段65巷2弄3號1-4樓,"No.3, Alley 2, Lane 65, Sec. 2, Jhongshan N. Rd., Jhongshan District",02-25413959,15
香城大飯店,CHARMING CITY HOTEL,大安區信義路四段295號1至11樓,"No.295, Sec. 4, Xinyi Rd., Da’an Dist.",02-27049546,60
儷萊飯店(普亨萊大飯店),Relite Hotel,中正區中華路一段21號12樓,"8-11F., No.21, Sec. 1, Zhonghua Rd., Zhongzheng Dist.",02-23111440,13
瘋台北青旅,FUN INN TAIPEI,中正區延平南路21號2樓及6樓,"2F., No.21, Yanping S. Rd., Zhongzheng Dist.",02-23821818,17
台北臥客旅店,WE COME HOSTEL,大同區甘谷街26號7樓,"2F.-1, No.26, Gangu St., Datong Dist.",02-25557177,13
城市商旅北門二館,City Siutes Beimen,大同區長安西路271號2樓至4樓、275號1樓至4樓,"NO.265,Chang&#39;an W.Rd.,Datong Dist.",02-25525777,19
宜津美侖大飯店,PARK TAIPEI HOTEL,"大安區復興南路1段315號,317號,317號2樓","No.317, Sec. 1, Fuxing S. Rd., Da’an Dist.",02-55793888,143
日光樂居成都館,Funstay Inn(Cheng Du),萬華區成都路99號2樓至4樓,"2-4F., No. 99, Chengdu Rd",02-23886898,14
天閣酒店(台北林森),Tango HOTEL Taipei LinSen,中山區中山北路一段83巷15號1樓至6樓,"No.15, Ln. 83, Sec. 1, Zhongshan N. Rd., Zhongshan Dist.",02-25319999,65
丰居旅店忠孝館,VIA HOTEL ZHONGXIAO,大安區復興南路1段126巷1號3樓(含3樓、3樓夾層、4樓),"3F., No.1, Ln. 126, Sec. 1, Fuxing S. Rd., Da’an Dist.",02-77116368,21
109 Inn Taipei 台北109旅店,VIA HOTEL ZHONGXIAO,中正區博愛路36號3樓、7樓,"3F., No.1, Ln. 126, Sec. 1, Fuxing S. Rd., Da’an Dist.",0905-972109,14
承攜行旅台北復北館,Guide Hotel Taipei Fuxing N.,松山區復興北路307號1至7樓,"1-7F,No307, Fuxing N.Rd.Songshan Dist.",02-27122155,65
伊倫商務旅館,ERIN HOTEL,中山區松江路123巷10號1-4樓,"No.10, Lane 123, Songjiang Rd., Jhongshan District",02-25076666,31
馥悅溫泉酒店,Rich&Free Hotel-Beitou,北投區中山路26號1-5樓,"No.26, Zhongshan Rd., Beitou Dist.",02-28969798,44
夾腳拖的家長安122,Flip Flop Hostel Garden,大同區長安西路 122 號、124號 1至4樓,"No.122, Chang’an W. Rd., Datong Dist.",02-25585050,31
合星旅館,Star Hostel East,大安區忠孝東路四段147巷5號3樓,"3F., No.5, Ln. 147,Sec. 4, Zhongxiao E. Rd., Da&#39; an Dist.",02-27218225,18
台北W飯店,W Taipei,信義區忠孝東路五段10號,"No.10, Sec. 5, Zhongxiao E. Rd., Xinyi Dist.",02-77038888,405
貴都飯店,CRYSTAL HOTEL,萬華區西藏路192-1號,"No.192, Xizang Rd., Wanhua Dist.",02-23029345,69
瀚寓夏天,HANNS HOUSE,中正區汀州路三段62號、3樓、6樓,"1-12th Floor, No. 206, Section 1, Keelung Road, Xinyi District",02-87583777,69
瑪奇商務旅店,MACCHI HOTEL,文山區景中街30巷6號3-4樓,"3-4F., No.6, Ln. 30, Jingzhong St., Wenshan Dist.",02-29321000,26
金財神旅館,YUEH LAI HOTEL,中正區中華路一段21號3樓,"6-7F., No.21, Sec. 1, Zhonghua Rd., Zhongzheng Dist.",02-23110066,12
和逸 台北忠孝館,Cozzi,中正區忠孝東路一段31號1至12樓,"No.31, Sec. 1, Zhongxiao E. Rd., Zhongzheng Dist.",02-77253399,123
喜瑞飯店,Ambience Hotel,中山區長安東路一段64號B1-10樓,"2~10F,No.64, Sec. 1, Chang’an E. Rd., Zhongshan Dist.",02-25410077,61
瑞華旅社,R & F HOTEL,大安區忠孝東路四段235號4-5樓,"3F., No.235, Sec. 4, Zhongxiao E. Rd., Da’an Dist.",02-27413147,20
幸福蘋果旅店,Lucky Apple Hotel,萬華區峨眉街109、109-2號(1樓部分、2至7樓),"No.109-2,Emei St.Wanhua Dist",02-23117877,49
洛碁大飯店驛,Green World Taipei Station,中正區重慶南路1段21號1至10樓及15號2至10樓,"No.21,1-10F and No.15, 2-10F , Sec. 1, Chongqing S. Rd., Zhongzheng Dist.",02-23819199,103
台北商旅慶城館,Les Suites Taipei (Ching-cheng),松山區慶城街12號,"No.12, Qingcheng St., Songshan Dist.",02-87127589,84
甄美精品商旅,Hotel Bfun,中山區林森北路259巷9號2樓,"2F., No.9, Ln. 259, Linsen N. Rd., Zhongshan Dist.",02-25639696,41
東驛商務旅館,E-HOUSE hotel,萬華區昆明街76號8-9樓,"8F., No. 76, Kunming St., Wanhua Dist.",02-23831999,34
瑞沂國際飯店,E-HOUSE hotel,中山區松江路95-1號5樓,"8F., No. 76, Kunming St., Wanhua Dist.",0911-141111,10
梧邸酒店台北杭州,ODD Hotel Taipei HangZhou,中正區杭州南路一段12號,"No. 12, Sec. 1, Hangzhou S. Rd., Zhongzheng Dist.",02-23933598,73
家賓大旅社,JIA BIN HOTEL,文山區景文街42號6-7樓,"6-7F., No.42, Jingwen St., Wenshan Dist.",02-29325915,32
西門航棧旅館,Ximen Airline Hotel,"萬華區中華路一段144號7-8樓,7樓之1,8樓之1","8F., No.144, Sec. 1, Zhonghua Rd., Wanhua Dist.",02-23880777,38
國聯大飯店,United Hotel,大安區光復南路200號,"No.200, Guangfu S. Rd., Da-an Dist.",02-27731515,243
安捷國際公寓酒店,AJ Residence,大同區市民大道1段201號15樓、15樓之1至之3、之5至之10,"15th Floor, 15th Floor, 1 to 3, 5 to 10, No. 201, Section 1, Civic Avenue, Datong District",02-25592900,9
蜂巢 Bee House,Bee House Hotel,"大同區太原路55, 57號2至5樓","No.57,Taiyuan Rd.,Datong Dist.",02-25599000,31
悅心旅,Yes Taipei Hotel,大同區重慶北路1段61號1樓 至3樓,"1F~3F., No. 61, Sec. 1, Chongqing N. Rd., Datong Dist.",02-25591525,14
悅來旅館,YUEH LAI HOTEL,中正區中華路一段21號6-7樓,"6-7F., No.21, Sec. 1, Zhonghua Rd., Zhongzheng Dist.",02-23110066,26
智慧環境會館-菁山遊憩區,Intelligent Environmental Hotel,士林區菁山路101巷71弄16號,NO.16，Aly.71，Ln.101，Jingshan Rd.，Shilin Dist.，,02-28625116,17
立德北投溫泉飯店,Li De Bei Tou Hot Spring Hotel,北投區幽雅路11號B1-3樓,"1-3F., No.11, Youya Rd., Beitou Dist.",02-28973611,25
朵兒旅館,Dor HOTEL,中山區新生北路1段66號2樓,"2F., No.66, Sec. 1, Xinsheng N. Rd., Zhongshan Dist.",02-25232699,7
艾爾行旅,HEJ,大安區忠孝東路四段87號7樓、7樓之2、7樓之3、7樓之4及7樓之8,"No.87, Sec. 4, Zhongxiao E. Rd., Da’an Dist.",02-27418080,40
真珠賓館,JEN JU HOTEL,士林區延平北路五段67號3樓,"3F., No.67, Sec. 5, Yanping N. Rd., Shihlin District",02-28127971,6
乃晶旅社,Nai Jing Hotel,萬華區西園路一段168號12樓,"12F., No.168, Sec. 1, Xiyuan Rd., Wanhua Dist.",02-23043795,10
探索汽車旅館南港館,Tansuo Dingji Hotel,南港區重陽路66號1至4樓,"1-4F., No.66, Chongyang Rd., Nangang Dist.",02-26537727,61
太豪大飯店,TAI HOPE HOTEL,松山區興安街137號1-6樓,"1-6F., No.137, Xing’an St., Songshan Dist.",02-27195152,38
沃田旅店,Mellowfields Hotel,士林區中山北路七段127號1至13樓,"No.113, Sec. 7, Zhongshan N. Rd., Shilin Dist.",02-28752288,172
詩漫精品旅館,Smile Inn,中正區館前路8號6樓,"6F., No.8, Guanqian Rd., Zhongzheng Dist.",02-23820111,33
承攜行旅台北信義館,GUIDE HOTEL-Taipei XinYi,信義區基隆路二段15-2號,"No.15-2, Sec. 2, Keelung Rd., Xinyi Dist.",02-23453511,20
儷客旅店-站前店,Click Hotel Taipei Main Station Branch,中正區忠孝西路一段72號5樓及5樓之1,"5F., No.72, Sec. 1, Zhongxiao W. Rd., Zhongzheng Dist.",02-23118081,30
友華賓館,BEST HOTEL,"松山區八德路四段656,656-1號6樓","6F., No.656,656-1, Sec. 4, Bade Rd., Songshan District",02-27630505,30
密都大飯店,MEADOW HOTEL,中山區長春路246號2-9樓,"2-9F., No.246, Changchun Rd., Zhongshan Dist.",02-25068866,48
正是旅館,Just Inn Taipei（City Hall）,信義區基隆路一段182號1樓至7樓,"1/F,No.182,Section 1,Keelung Rd, Xinyi Dist",02-23718230,18
凱統大飯店,KDM Hotel,大安區忠孝東路三段8號3-9樓,"No.8, Sec. 3, Zhongxiao East Rd., Da-an Dist.",02-27211162,56
台北六福萬怡酒店,Courtyard by Marriott Taipei,南港區忠孝東路七段359號7-30樓,"7F.、7F.-1,、8F.、 9F. 、 9F-1、 30F., No.359, Sec. 7, Zhongxiao E. Rd., Nangang Dist.",02-21716565,465
大榮大旅社,EVER GREEN HOTEL,萬華區西寧南路185號2-4樓,"No.185, Xining S. Rd., Wanhua Dist.",02-23316527,17
約克旅店,york design hotel,中正區南陽街13號4樓,"4F., No.13, Nanyang St., Zhongzheng Dist.",02-23705528,17
北投麗禧溫泉酒店,Grand View Resort Beitou,北投區幽雅路30號,"No.30, Youya Rd., Beitou Dist.",02-28988888,66
吉泰旅店,GREATT HOTEL,士林區大東路93號1至4樓,"1-4F., No.93, Dadong Rd., Shilin Dist.",02-28822278,19
尚美精旅,HOTEL IJOURNEY,中山區民生西路16號4樓,"4F., No.16, Minsheng W. Rd., Zhongshan Dist.",02-25230188,14
新凱飯店,SILKEN HOTEL,中山區新生北路3段76之1號1至10樓,"1-10F., No.76-1, Sec. 3, Xinsheng N. Rd., Zhongshan Dist.",02-25855000,42
丰居旅店北車館,Via Hotel Taipei Station,中正區重慶南路一段60號,"No.60, Sec. 1, Chongqing S. Rd., Zhongzheng Dist.",02-23142121,23
吉緻行旅天津館,G Hotel Tianjin Street,中山區天津街57號2至8樓,"2-8F., No.57, Tianjin St., Zhongshan Dist.",02-25365678,55
富驛時尚酒店　,FX HOTEL,中山區南京東路三段131號10樓至13樓,"10-13F., No.131, Sec. 3, Nanjing E. Rd., Zhongshan Dist.",02-55720777,180
慶爾喜旅館,CheersLoft,萬華區武昌街二段72號11樓,"2F,N0.11,Sec.2,Changsha St. Wahua Dist. ",02-77309920,6
大新飯店,MEADOW HOTEL,中山區長春路246號11-12樓,"2-9F., No.246, Changchun Rd., Zhongshan Dist.",02-25068866,11
米窩飯店-站前,Meworld Hotel-Taipei Main Station,中正區忠孝西路1段50號7樓、7樓之1、之2、之3、8樓,"7F.,7F.-1,-2,-3,8F., No. 50, Sec. 1, Zhongxiao W. Rd., Zhongzheng Dist.",02-23810028,200
亞都麗緻大飯店,The Landis Taipei,中山區民權東路2段41號,"No.41, Sec. 2, Minquan E. Rd., Zhongshan Dist.",02-25971234,219
儷萊旅館,Relite Hotel,"中正區中華路一段21號4-5樓,8-11樓","8-11F., No.21, Sec. 1, Zhonghua Rd., Zhongzheng Dist.",02-23111440,78
摩莎曼拉商務旅館-西門館,LIHO HOTEL-HanKou,萬華區漢口街二段54號8樓、8樓之1、8樓之6、8樓之7、8樓 之8、9樓、9樓之1,"10th Floor, No. 54, Section 2, Hankou Street, Wanhua District",02-23613350,88
新榮大旅社,SHIN RONG HOTEL,士林區文林路116號,"No.116, Wunlin Rd., Shihlin District",02-28812531,18
進綵商旅,D.G.Hotel,大同區迪化街一段334號1至3樓,"No.334. Section 1, Dihua ST Datong District",02-25536711,6
豪城商旅民生館,Hope City MingSheng Hotel,松山區民生東路三段113巷7弄11號1樓至6樓,"1F-6F, No.11, Alley 7, Lane 113, Sec.3, Mingsheng East Rd.",02-27137078,38
洛碁大飯店新仕界,NEW WORLD HOTEL,萬華區昆明街139號2樓、141號3至9樓、7樓之1至13、8樓之1至8,"3-9F., No.141, Kunming St., Wanhua District",02-23118863,107
天閣酒店台北士林,The Tango Hotel Taipei Shilin,士林區基河路16-8號1樓至11樓,"1-11F.No. 16-8, Jihe Rd., Shilin Dist.",02-28866888,51
台北青年國際旅館,Y Hotel Taipei,中正區許昌街19號1樓及4-10樓,"1,4-10F., No.19, Xuchang St., Zhongzheng Dist.",02-23113201,99
建山大旅社,Jianshan Hotel,大同區歸綏街182號2-4樓,"No.182, Guisui St., Datong Dist.",02-25520680,13
東門大旅社,DONG MEN HOTEL,中正區臨沂街78號2-4樓,"No.78, Linyi St., Zhongzheng Dist.",02-23560210,26
台北寒舍喜來登大飯店,Sheraton Grand Taipei Hotel,中正區忠孝東路1段12號,"No.12, Sec. 1, Zhongxiao E. Rd., Zhongzheng Dist.",02-23215511,688
北城大飯店,CITY HOTEL TAIPEI,中山區長春路279號B1-12樓,"No.279, Changchun Rd., Zhongshan Dist.",02-25017601,55
番茄行旅,Tomato TTT INN,大同區太原路156-2號5樓,"5F., No.156-2, Taiyuan Rd., Datong Dist.",02-25555930,5
台北遠東香格里拉,"Shangri-La Far Eastern, Taipei",大安區敦化南路2段201號,"No.201, Sec. 2, Dunhua S. Rd., Da-an Dist.",02-23788888,420
東門3號膠囊旅店,Travel Fun Inn,大安區信義路2段110號,"No.110, Sec. 2, Xinyi Rd., Da’an Dist.",02-23583299,4
台北天晴旅店,Sunny Hostel,中正區懷寧街92-2號1至6樓,"1-6F., No.92-2, Huaining St., Zhongzheng Dist.",02-23319391,15
台北西門町意舍酒店,amba Taipei Ximending,萬華區武昌街二段77號5-10樓,"5-10F., No.77, Sec. 2, Wuchang St., Wanhua Dist.",02-23755111,162
東龍大飯店,EAST DRAGON HOTEL,萬華區漢口街二段23號1-7樓,"No.23, Sec. 2, Hankou St., Wanhua Dist.",02-23116969,70
儷夏商旅,MUZIK HOTEL,萬華區中華路一段90號4樓、5樓、6樓、8樓,"6F,8F, No.90, Chung Hwa Road.",02-23116168,85
樂山水靜旅館 OrigInn,OrigInn,大同區南京西路247號,"No.247, Nanjing W. Rd., Datong Dist.",02-25588843,5
和苑三井花園飯店 台北忠孝,MGH Mitsui Garden Hotel Taipei Zhongxiao,大安區忠孝東路三段30號,"No. 30, Sec. 3, Zhongxiao E. Rd., Da’an Dist.",02-27811131,297
嘉榮旅社,JIA RONG HOTEL,大同區太原路28巷11號2至4樓,"No.11, Lane 28, Taiyuan Rd., Datong District",02-25585887,15
華冠商旅HOTEL,HWA GUAN HOTEL,萬華區西昌街137 、139號1-6樓,"No.137-139, Sichang St., Wanhua District",02-23616076,46
凡登商旅●二館,Vendome Hotel II,大安區忠孝東路4段197號14樓之2、6、8,"14F.-2,6,8, No.197, Sec. 4, Zhongxiao E. Rd., Da’an Dist.",02-87710852,32
西門邑居自由旅行會館,Easy Stay Ximen Backpackers Guest House,萬華區西寧南路67號10樓,"10F., No. 67, Ximing S. Rd., Wanhua Dist.",02-23616167,8
慕居行旅,Members Hotel at Taipei 101,信義區基隆路二段22號5樓,"5F., No.22, Sec. 2, Keelung Rd., Xinyi Dist.",02-27295828,25
高雅賓館,ELEGANCE HOTEL,大安區和平東路三段139號及139號2樓至7樓、141號及141號2樓至5樓,"No.139, Sec. 3, Heping E. Rd., Da-an District",02-27388947,30
家美瑞品 台北,JIAMEI HOTEL TAIPEI,中正區北平東路12號2至9樓,"No.12, Beiping E. Rd., Zhongzheng Dist.",02-23581234,68
喜園旅館,CheersLoft,萬華區中華路一段90號3樓、3樓之1、3樓之2,"2F,N0.11,Sec.2,Changsha St. Wahua Dist. ",02-77309920,35
三隻老虎青年旅館,TRIPLE TIGER HOSTEL,萬華區康定路25巷39號4樓,"4F., No.39, Ln. 25, Kangding Rd., Wanhua Dist.",02-23755299,7
日勝生加賀屋國際溫泉飯店,Radium-Kagaya,北投區溫泉里11鄰光明路236號,"No.236, Guangming Rd., Beitou Dist.",02-28911111,89
金都精緻溫泉飯店,Jin Dou Jingzhi Hot Spring Hotel,北投區光明路240號1-6樓,"1-6F., No.240, Guangming Rd., Beitou Dist.",02-28911228,31
雀客快捷台北車站,CHECKinn Express Taipei Station,大同區太原路64號1至8樓,"1-8F., No.64, Taiyuan Rd., Datong Dist.",02-25590577,58
老爺會館台北林森,Royal Inn Taipei Linsen,中山區林森北路83號4至10樓、11樓、11樓之1、11樓之2、12樓、12樓之1、12樓之2,"4-12F., No.83, Linsen N. Rd., Zhongshan Dist.",02-25676336,81
長春精品旅館,EverGreen Hotel,松山區慶城街29號,"No.29, Cingcheng St., Songshan District",02-27188268,86
台北大直英迪格酒店,HOTEL INDIGO TAIPEI NORTH,中山區植福路200號（地上1樓部分）、200號5樓（地上5層至10層）,"NO.200,Zhifu Rd.,Zhongshan Dist.",02-35187777,149
天閣酒店台北信義,Tango HOTEL Taipei XinYi,信義區忠孝東路五段297號1-6樓,"1-6F., No.297, Sec. 5, Zhongxiao E. Rd., Xinyi Dist.",02-25288000,105
客來思樂行旅,CHRYSLER HOTEL,"大安區羅斯福路3段241號4-6樓,4-6樓之1","4-6F., No.241, Sec. 3, Roosevelt Rd., Da’an Dist.",02-23626555,20
背包棧旅店西門店,backpackers hostel,萬華區康定路25巷13號,"No.13, Lane 25, Kangding Rd., Wanhua District",02-89783666,19
米窩飯店-大安,Meworld Hotel-Daan,大安區忠孝東路四段107號7樓、7樓之2,"7F-2、7F，NO.107，Sec.4 Zhongxiao E Rd., Da&#39; an Dist.",02-27520006,20
陽光士林珮柏旅館,SUNSHINE SHIHLIN PAPER HOTEL,士林區福德路48巷6、8、10、12號1至7樓,"No.8, Ln. 48, Fude Rd., Shilin Dist.",02-28817588,56
橙舍青年旅館（臺北二館）,TW Hostel,"萬華區漢口街二段56號2-3樓,58號3樓","3F., No. 56, Sec.2, HanKou St., Wanhua Dist.",02-23119559,22
拾光行旅,LUMOS INN,大同區延平北路二段255號2樓,"2F., No.255, Sec. 2, Yanping N. Rd., Datong Dist.",02-25574999,49
碩城文旅,SC Hotel,中山區中山北路一段105巷12-6號2至8樓,"2-8F,No.12-6,Ln. 105, Sec. 1, Zhongshan N. Rd., Zhongshan Dist.",02-21001023,32
西門星辰精典大飯店,Ximen Citizen Hotel,萬華區峨眉街72號1至8樓,"No.72, Emei St., Wanhua Dist.",02-23831123,25
雀客旅館台北南京,CHECK inn Taipei Nanjing,中山區南京東路三段16號,"No.16, Sec. 3, Nanjing E. Rd., Zhongshan Dist.",02-25161610,56
千慧旅館,C.H. HOTEL,大同區南京西路22號7樓,"7F., No.22, Nanjing W. Rd., Datong Dist.",02-25552451,20
銀座飯店,GINZA HOTEL,中山區林森北路289號4樓之1～3,"4-3F,4-2F,4-1F., No.289, Linsen N. Rd., Zhongshan Dist.",02-25627733,15
森浩文旅-STEP INN,STEP INN,松山區饒河街131、133號2至3樓,"3F., No. 131, Raohe St., Songshan Dist.",02-27609090,28
城市商旅 北門館,City Siutes Beimen,大同區長安西路265號1至6樓及267號1至6樓,"NO.265,Chang&#39;an W.Rd.,Datong Dist.",02-25525777,65
鉑泊客,POSHPACKER HOTEL,中正區漢口街1段50號1-5樓,"1-5F, No.50, Sec.1 , Hankou St., Zhongzheng Dist.",02-23755555,58
南港老爺行旅,The Place Taipei,南港區經貿二路196號.196號10樓至20樓,"No.196, jingmao 2nd Rd., Nangang Dist.",02-77500588,179
皇后旅社,QUEEN HOTEL,大同區長安西路226號1至4樓,"No.226, Chang’an W. Rd., Datong Dist.",02-25590489,20
柯達大飯店台北一店,"Kodak Hotel, Taipei 1",中山區中山北路二段11巷1號及３號,"No.1, Ln. 11, Sec. 2, Zhongshan N. Rd., Zhongshan Dist.",02-25422222,53
瑾旅南西,Huada Hotel,大同區南京西路151號6至12樓,"6-12F., No.151, Nanjing W. Rd., Datong Dist.",02-25593232,45
雀客藏居台北陽明山,CHECK inn Select Taipei Yangmingshan,士林區陽明山格致路237號,"No.237, Gezhi Rd., Yangmingshan, Shilin Dist.",02-28616661,50
洛碁大飯店建北館,Green World Jianpei,中山區建國北路一段138巷1號、140號、140號2至11樓、142號、144號,"No.140, Sec. 1, Jianguo N. Rd., Zhongshan Dist.",02-25095151,59
大湖璞旅,Dahu Hotel,內湖區成功路五段462號1樓、3樓至14樓、3樓之1至3樓之6、4樓之1至4樓之13、5樓之2至5樓之13、6樓之2至6樓之13、7樓之2至7樓之12、8樓之1至8樓之13、 9樓之1至9樓之13、10樓之,"No. 462, Section 5, Chenggong Road, Neihu District",02-26338555,148
阿樹國際旅店,ARTREE HOTEL,松山區八德路三段76號1樓、4樓至14樓,"No.76, Sec. 3, Bade Rd., Songshan Dist.",02-25787728,141
小角落旅店,Corner Hostel,大同區民族西路33號(1至4樓),"No. 33, Minzu W. Rd., Datong Dist.",02-25991699,5
格拉斯麗台北飯店,HOTEL GRACERY TAIPEI,中正區忠孝東路2段89號3至19樓,"3-19F., No. 89, Sec. 2, Zhongxiao E. Rd., Zhongzheng Dist.",02-23220118,248
歐法行旅,O Fun Hotel,萬華區中華路一段90號5樓,"5F., No. 90, Sec. 1, Zhonghua Rd., Wanhua Dist.",02-23711333,33
苓旅松山小巨蛋館,O Fun Hotel,松山區八德路三段2號14樓,"5F., No. 90, Sec. 1, Zhonghua Rd., Wanhua Dist.",0977-694944,34
天閣酒店台北復興,Tango Hotel,松山區復興北路147號1至12樓,"147, Fuxing N. Rd.",02-87128000,70
百悅旅社,Pai Yueh Hotel,"萬華區開封街2段42巷2號1-5樓,44-1號6-7樓","No.2, Lane 42, Sec. 2, Kaifong St., Wanhua District",02-23881792,26
城市商旅-台北南西館,CITY SUITES Taipei Nanxi,大同區南京西路169號,"No.169, Nanjing W. Rd., Datong Dist.",02-25507722,80
城鄉旅坊台北,Bon Hotel Taipei,中山區松江路95之1號4樓,"4F,No.95-1,Songjiang Rd.,Zhongshan Dist.",02-25029955,11
和逸．台北民生館,Hotel Cozzi Mingsheng Taipei,中山區民生東路二段178號1至12樓,"1-12F., No.178, Sec. 2, Minsheng E. Rd., Zhongshan Dist.",02-77063399,134
盤古捷旅,PANCO HOTEL,中山區中山北路1段135巷39號(地上層至7層),"No. 39, Ln. 135, Sec. 1, Zhongshan N. Rd., Zhongshan Dist.",02-25671001,50
夜光商旅,YESINN HOTEL,萬華區內江街55巷11號1至4樓、13號2至4樓,"No.11, Ln. 55, Neijiang St., Wanhua Dist.",02-23815059,16
福華大飯店,Howard Plaza Hotel,大安區仁愛路3段160號,"No.160, Ren Ai Rd., Sec. 3 Da-an Dist.",02-27002323,606
合洋背包客棧,HO-YA,中正區忠孝西路1段23號2、3、4樓,"2,3,4 F., No. 23, Sec. 1, Zhongxiao W. Rd., Zhongzheng Dist.",02-23881505,6
富粧商務旅店,Fuchang Hotel,"萬華區康定路6,8號2-5樓","2-5F., No.6, 8, Kangding Rd., Wanhua District",02-23711247,28
日野苑,sky 19 hotel,中正區重慶南路1段18號2樓至7樓,"19F,19F-1、-2、-5、-17、-27、-29、-31、-43, No. 50, Sec. 1, Zhongxiao W. Rd., Zhongzheng Dist.",02-23889998,35
西門星辰大飯店,Ximen Citizen Hotel,萬華區峨眉街94號2至9樓,"No. 94, Emei St., Wanhua Dist.",02-23898898,65
福泰桔子商務旅館西門漢中店,Orange Hotel Ximen Hanzhong,萬華區漢中街170號1-14樓,"1-14F., No. 170, Hanzhong St., Wanhua Dist.",02-23811155,66
獅城旅館,LION PALACE HOTEL,大同區華陰街179號3-5樓,"3-5F., No.179, Huayin St., Datong District",02-25591231,67
野趣光延旅館,T.O HOTEL,中正區開封街一段2號2樓,"2F., No. 2, Sec. 1, Kaifeng St., Zhongzheng Dist.",02-23140202,44
台北艾麗酒店,Humble House Taipei,信義區松高路18號,"No.18, Songgao Rd., Xinyi Dist.",02-66318000,235
峻美精旅,Hotel Bnight,中山區長春路62號6樓,"6F., No.62, Changchun Rd., Zhongshan Dist.",02-25312338,15
唐門客棧,DOWN TOWN HOTEL,中正區信義路二段33號2樓,"2F., No.33, Sec. 2, Xinyi Rd., Zhongzheng Dist.",02-23963322,28
力歐時尚旅館,LIO HOTEL,中正區延平南路9號1-9樓,"1-9F., No.9, Yanping S. Rd., Zhongzheng Dist.",02-23145296,37
台北宿之酒店．臻品之選,"SUZ & Catorze Taipei, a Tribute Portfolio Hotel",萬華區環河南路一段51號2至14樓,"10843 No.51, Sec. 1, Huanhe S. Rd., Wanhua Dist.",02-23755511,87
和昌商務旅館台北西門館,sunrise business hotel ximen,萬華區桂林路24號1-5樓,"1-5F., No.24, Guilin Rd., Wanhua Dist.",02-23088828,16
慕誠行旅,Work Inn,信義區基隆路二段48號1樓至3樓,"1F, No.48, Sec. 2, Keelung Rd., Xinyi Dist.",02-27252168,33
東鑫商務旅館,EASTERN STAR HOTEL,"大安區忠孝東路四段209號11樓,11樓-1,-2,211號11樓,11樓-1","11F., No.209, Sec. 4, Zhongxiao E. Rd., Da’an Dist.",02-87736638,25
慶爾喜旅館長沙二館,CheersLoft,萬華區長沙街二段11號3樓之1,"2F,N0.11,Sec.2,Changsha St. Wahua Dist. ",02-77309920,6
姆提文創旅店,Nihao Cafe Hotel,大安區信義路三段147巷5弄4號1樓,"1F., No.4, Aly. 5, Ln. 147, Sec. 3, Xinyi Rd., Da’an Dist.",02-23897563,11
台北捷運-北投會館(捷之旅),Metro Taipei-Beitou Resort (Metro Inn),北投區大業路527巷88號(2至3樓),"No. 88, Ln. 527, Daye Rd., Beitou Dist.",02-28930105,42
豪景大酒店,Hotel Riverview Taipei,萬華區環河南路1段77號,"No.77, Sec. 1, Huanhe S. Rd., Wanhua Dist.",02-23113131,217
天閣酒店(台北長安),The Tango Taipei ChangAn,中山區林森北路80號1至14樓,"1-14F., No.80, Linsen N. Rd., Zhongshan Dist.",02-25317777,80
台北這地方微旅店,Place Inn Taipei,中山區吉林路294號(1樓)及294之1號(2樓),"No.294,Jinlin Rd,. Zhongshan Dist.",02-25637522,3
台北松山意舍酒店,amba Taipei Songshan,南港區市民大道七段8號17樓至21樓,"17F-21F., No.8, Sec. 7, Civic Blvd., Nangang Dist.",02-26532828,190
富裕自由旅店林森館,RF HOTEL LINSEN,中山區林森北路85巷23號1至2樓,"1F, No.23, Ln.85, Linsen N. Rd, Zhongzheng Dist",02-25671333,11
天閣酒店(台北南西),Tango hotel Taipei NanShi,中山區南京西路3號1至9樓,"No.3, Nanjing W. Rd., Zhongshan Dist.",02-25679999,52
晶棧行旅,Zuum Inn,中正區公園路13號7樓,"7 F., No. 13, Gongyuan Rd., Zhongzheng Dist.",02-23895999,14
皇家季節酒店2館,SEASONS HOTEL ROYAL,大同區南京西路330號1至11樓,"1-11F., No.330, Nanjing W.Rd., Datong District",02-25556488,46
天成大飯店,Cosmos Hotel TAIPEI,中正區忠孝西路1段43號,"No.43, Sec. 1, Zhongxiao W. Rd., Zhongzheng Dist.",02-23617856,226
富玉莊旅社,Rich Zone Hotel,"士林區福港街149巷15弄8,10號2-3樓","2-3F., No.8, Aly. 15, Ln. 149, Fugang St., Shilin Dist.",02-28822308,20
寒居酒店 Humble Boutique Hotel,Humble Boutique Hotel,中山區松江路116號1樓至9樓,"No. 116, Songjiang Rd., Zhongshan Dist.",02-66008000,111
天閣酒店台北劍潭,The Tango Hotel Taipei Jiantan,士林區基河路16之6號1樓至12樓,"1F-12F, No.16-6, Jihe Rd., Shilin Dist.",02-28862999,72
城市商旅站前館,City Suites-Main Station,大同區延平北路一段51號1至3樓及53號1樓,"No. 51, Sec. 1, Yanping N. Rd., Datong Dist.",02-25507000,92
凱微精品旅館,Kai Wei Boutique Hotel,中山區林森北路381號9-10樓,"9-10F., No.381, Linsen N. Rd., Zhongshan Dist.",02-25426879,28
印石時尚旅館,In-Stone Motel,文山區秀明路二段15號,"No.15, Sec. 2, Xiuming Rd., Wenshan Dist.",02-86617070,50
台北中山九昱希爾頓逸林酒店,Double Tree by Hiton Taipei Zhongshan,"中山區中山北路一段121巷1之1號,121巷1號1樓至14樓","1F.-14F, No. 1, Ln. 121, No. 1-1, Ln. 121, Sec. 1, Zhongshan N. Rd., Zhongshan Dist.",02-66199999,105
謙商旅-東門館,Chaiin Hotel - Dongmen,中正區信義路二段163號,"No.163, Sec. 2, Xinyi Rd., Zhongzheng Dist.",02-23582520,85
台北馥華商旅敦北館,Simple+ hotel,松山區敦化北路4巷52號1至7樓,"No.52, Ln. 4, Dunhua N. Rd., Songshan Dist.",02-66131300,73
香城大飯店松山分店,Charming City Hotel SungShan,松山區市民大道六段67號1-9樓,"1-9F., No.67, Sec. 6, Shimin Blvd., Songshan Dist.",02-27693969,56
台北馥敦飯店,Taipei Fullerton Hotel,松山區復興北路315號1-7樓,"No.315, Fusing N. Rd., Songshan District",02-27138181,71
蒲園飯店,Golden Garden Hotel,松山區八德路四段176號地下2樓、地下1樓、1樓、3樓至5樓、7樓,"No.176, Sec. 4, Bade Rd., Songshan Dist.",02-27530772,32
金普頓大安酒店,Kimpton Da An Hotel,大安區仁愛路四段27巷23號3樓至11樓、25號、25號3樓至11樓、27號2樓至14樓,"No. 25, Ln. 27, Sec. 4, Ren’ai Rd., Da’an Dist.",02-27792000,129
相鐵飯店台北西門,SOTETSU TAIPEI XIMEN,中正區中華路一段57號,"No. 57, Section 1, Zhonghua Road, Zhongzheng District",02-23316203,200
雀客旅館　,CHECK INN　,中山區松江路253號1至13樓,"1-13F., No.253, Songjiang Rd., Zhongshan Dist.",02-77266277,65
好駐旅館,Hao Zhu Hotel,中山區新生北路一段106號6樓、7樓、7樓之1-9,No.106，Sec.1，Xinsheng N.Rd.，Zhongshan Dist.，,02-25213131,29
侘侘行旅,Workinn at Taipei Main Station,中正區公園路13號8樓、9樓,"8F、9F., No.13, Gongyuan Rd., Zhongzheng Dist.",02-89782345,49
陸號行旅萬年館,hotel6 Wannien,萬華區西寧南路70號6樓,"6F.,No.70,Xining S Rd.,Wanhua Dist.",02-23619069,39
世民酒店台北北門,citizenM Taipei North Gate,中正區中華路一段3號(1樓至26樓),"No.3, Sec. 1, Zhonghua Rd., Zhongzheng Dist.",07-10161061,267
柯達大飯店 台北長安,K Hotels Chang-An,中山區松江路61之1號1樓、4樓至11樓,"1F., No.61-1, Songjiang Rd., Zhongshan Dist.",02-25169999,103
在家行旅南西館,At Home,大同區寧夏路11號2樓、2樓之1、2樓之2、2樓之3,"No.3, Alley 2, Lane 65, Sec. 2, Jhongshan N. Rd., Jhongshan District",02-25413959,40
慶爾喜旅館西門捷運館,CheersLoft,萬華區中華路一段152號7樓、11樓及成都路1號7樓、11樓,"2F,N0.11,Sec.2,Changsha St. Wahua Dist. ",02-77309920,21
欣和大旅社,SHIN HER HOTEL,大安區羅斯福路2段75-1號2-6樓,"2-6F., No.75-1, Sec. 2, Roosevelt Rd., Da’an Dist.",02-23660105,38
洛碁大飯店山水閣,Green World Sansui,中山區中山北路二段181號1-5樓,"1-5F., No.181, Sec. 2, Zhongshan N. Rd., Zhongshan Dist.",02-25971281,32
皇家玫瑰旅館站前館,Royal Rose Hotel Station,中山區華陰街3號1-4樓,"No.3, Huayin St., Zhongshan Dist.",02-25217222,12
喬合大飯店,DEJA VU HOTEL,大安區復興南路一段136號1至4樓；復興南路一段126巷10弄1號等、3號2樓至2樓之8、3號3樓至3樓之8、3號4樓至4樓之10、3號5至5樓之10、3號6樓至6樓之9,"1-4F., No.136, Sec. 1, Fuxing S. Rd., Da’an Dist.",02-27765877,69
西門希爾商旅,"HotelsHere, Ximen",萬華區峨眉街28號4樓之1、4樓之2、4樓之3,"4F.-1-2-3, No.28, Emei St., Wanhua Dist.",02-23810081,15
北門文旅,Bayman Hotel,大同區長安西路145巷3號,"No.3, Ln. 145, Chang’an W. Rd., Datong Dist.",02-25567797,15
曲水會館,KYOTO HOTEL,北投區溫泉路105號1-3樓,"No.105, Wenquan Rd., Beitou Dist.",02-28912151,19
麗雅精品旅館,Dear Hotel,中山區長春路62號8樓之1,8F.1.No62.Changchun Rd.Zhongshan Dist.,02-25411133,12
茶色部屋行旅 站前館,Brown House Hotel,中正區忠孝西路1段50號26樓,"26 F., No. 50, Sec. 1, Zhongxiao W. Rd., Zhongzheng Dist.",02-23822800,55
三德大飯店,Santos Hotel,大同區承德路3段49號,"No.49, Sec. 3, Chengde Rd., Datong Dist.",02-25963111,287
台北萬豪酒店,Taipei Marriott Hotel,中山區樂群二路199號,"No.199, Lequn 2nd Road ? (Intersection with Jingye 4th Road), Zhongshan District",02-85029999,318
洛碁大飯店南港館,Green World NanGang,南港區忠孝東路七段526號1-14樓、528號2-14樓,"No.526, Sec. 7, Zhongxiao E. Rd., Nangang Dist.",02-27893009,120
旅居文旅-西門驛站,Hub Hotel Ximen Inn,萬華區西寧南路67號5-9樓,"5-9F., No.67, Xining S. Rd., Wanhua Dist.",02-23880050,38
台灣西鐵國際旅館,SOLARIA NISHITETSU HOTEL TAIPEI XIMEN,萬華區中華路一段88號1樓、6樓至28樓,"6F.,No. 88, Section 1, Zhonghua Road, Wanhua District",02-23143939,298
雀客旅館台北信義,CHECK inn Taipei XinYi,信義區信義路四段468號3-13樓,"3-13F., No.468, Sec. 4, Xinyi Rd., Xinyi Dist.",02-23459777,88
意寬精品旅館 HOME HOTEL,HOME HOTEL,信義區松仁路90號1樓、3至12樓,"1F,3-12F., No.90, Songren Rd., Xinyi Dist.",02-87890111,121
米尼旅店,miniinn,中正區忠孝西路一段23號5至6樓,"5F-6F., No.23, Sec. 1, Zhongxiao W. Rd., Zhongzheng Dist.",02-23881516,8
函舍旅館,HAN SHE HOTEL,萬華區成都路68號4-5樓,"4-5F., No.68, Chengdu Rd., Wanhua District",02-23718812,19
町記憶旅店3館,CHO HOTEL 3,萬華區昆明街142號2、3樓,"2,3F., No. 142, Kunming St., Wanhua Dist.",02-23709930,44
葳皇時尚飯店,V one Hotel,"大同區延平北路二段197號3, 4,11樓","3F., No.197, Sec. 2, Yanping N. Rd., Datong Dist.",02-25575379,48
艾捷天麗大飯店,HEJ ARENA Hotel,松山區南京東路四段156號1-11樓,"No.156, Sec. 4, Nanjing E. Rd., Songshan Dist.",02-25796162,78
見潭璞旅,Boutech Jiantan Hotel,士林區承德路四段250號,"No.250,Sec.4,Chengde Rd.,Shilin Dist.",02-28831777,240
捷絲旅西門町店,Just Sleep Ximending,中正區中華路一段41號5-9樓,"5F-9F., No.41, Sec. 1, Zhonghua Rd., Zhongzheng Dist.",02-23709000,143
洛碁大飯店松山館,Greenworld songshan,南港區玉成街149號,"No.149, Yucheng St., Nangang Dist.",02-27837088,97
艾特文旅,ART&#39;OTEL,萬華區武昌街二段124之2號4樓,"4F., No.142-2, Sec. 2, Changsha St., Wanhua Dist.",02-23885558,29
睡覺盒子旅館,Sleepbox Hostel,中正區衡陽路34號1樓及36號地下之1、地下之2,"1F., No.34, Hengyang Rd., Zhongzheng Dist.",02-55713712,39
西門大飯店,XIMEN HOTEL,萬華區中華路一段78號2-6樓,"2-6F., No.78, Sec. 1, Jhonghua Rd., Wanhua District",02-23819922,78
品格子旅店,Inn Cube,中正區公園路13號10樓,"10F., No.13, Gongyuan Rd., Zhongzheng Dist.",02-23114511,34
樂爾公寓,LORE HOTEL,大同區延平北路三段4號6樓、6樓之1,"6F.、6F-1, No.4, Sec. 3, Yanping N. Rd., Datong Dist.",02-25850006,20
昇美精旅,Hotel Bchic,中山區新生北路二段25號1至6樓,"1-6F., No.25, Sec. 2, Xinsheng N. Rd., Zhongshan Dist.",02-25111399,42
野趣旅舍 T.O.HOTEL,T.O.HOTEL,大同區承德路二段28號1至5樓,"No. 28, Sec. 2, Chengde Rd., Datong Dist.",02-25521300,16
晶樺商務旅店,JING HWA BUSINESS HOTEL,萬華區西園路一段168號10樓,"10F., No.168, Sec. 1, Xiyuan Rd., Wanhua Dist.",02-23048788,10
懷特豪斯青年旅舍,JIIZUHOSTEL,松山區南京東路五段123巷1號1至4樓、1之1號2至4樓、1之2號2至4樓,"2-4F No.1-2,2-4F No.1-1,1-4F No.1,Ln.123,Sec.5,Nanjing E.Rd.,Songshan Dist.",02-37656578,38
帥客旅店,Saual Keh Hotel,中正區羅斯福路一段90巷2號1-5樓,"No.2, Lane 90, Sec. 1, Roosevelt Rd., Zhongzheng District",02-23223887,32
台北大安伊普索酒店,"EPISODE Dann Taipei, JdV by Hyatt",大安區復興南路一段219之2號1樓、4-12樓,"5F, No.219-2,Sec.1,Fuxing S.Rd.,Da&#39;an Dist,.",02-27117268,136
台北西門窩青年旅館,Taipei ximenwow hostel,萬華區漢中街42號8樓,"8F., No.42, Hanzhong St., Wanhua Dist.",02-23315100,6
皇家玫瑰旅館 雙城館,Royal Rose Hotel Shuangcheng,中山區雙城街28巷8號、8號2樓至4樓、8之1號(1樓)、8之3號(2樓)、8之5號(3樓)、8之7號(4樓),"No.8, Ln. 28, Shuangcheng St., Zhongshan Dist.",02-25958077,17
松林旅社,SONG LIN HOTEL,萬華區桂林路174號3至5樓及夾層、176號1至5樓及夾層,"No.176, Guilin Rd., Wanhua Dist.",02-23067122,31
洛碁大飯店協美,Green World Sansui,中山區中山北路二段181號10-12樓,"1-5F., No.181, Sec. 2, Zhongshan N. Rd., Zhongshan Dist.",02-25971281,24
雀客藏居台北南港,CHECKinn Select Taipei NanGang,南港區重陽路59號,"No.59, Chongyang Rd., Nangang Dist.",02-26512251,105
神旺商務酒店,San Want Residences,"中山區南京東路一段128號,2至13樓","No.128, Sec. 1, Nanjing E. Rd., Jhongshan District",02-25115185,81
JR東日本大飯店台北,Hotel Metropolitan Premier Taipei,中山區中山區南京東路三段133號,"No. １３３, Sec. 3, Nanjing E. Rd., Zhongshan Dist.",02-77500999,288
芝山璞旅,Archess Hotel,"士林區福國路106號1樓,2-6樓之1至7","No.106, Fuguo Rd., Shihlin District",02-28332323,41
在家行旅西門館,At Home Hotel Ximen,萬華區昆明街96巷8號1樓,"No.8, Ln. 96, Kunming St., Wanhua Dist.",02-23619000,5
美好行旅北車漢口館,WonderTime,中正區漢口街1段45號6樓,"6F., No. 45, Sec. 1, Hankou St., Zhongzheng Dist.",02-23818008,21
卡樂町旅店,ColorMIX Hotel & Hostel,萬華區內江街55巷22號,"No.22, Ln. 55, Neijiang St., Wanhua Dist.",02-23826000,20
天雲旅棧台北中山,Tango Hotel Taipei Zhong Shan,"中山區中山北路一段83巷7,7之1號至7之18號","NO.7,Ln.83,Sec.1,Zhongshan N.rd,Zhongshan Dist",02-25216666,56
璞漣商務旅館西門店,Hotel Puri Ximen Branch,萬華區成都路27巷6號,"No.6, Ln. 27, Chengdu Rd., Wanhua Dist.",02-23718616,57
台北發現青年旅舍,Taipei Discover Hostel,中山區民權東路二段21號5、6樓,"5-6F., No.21, Sec. 2, Minquan E. Rd., Zhongshan Dist.",02-25980209,7
亞太飯店 北投館,Asia Pacific Hotel,北投區幽雅路31號,"No.３１, Youya Rd., Beitou Dist.",02-28983088,140
泉都溫泉會館,CHYUAN DU SPRING RESORT,北投區光明路220號,"No.220, Guangming Rd., Beitou Dist.",02-28960077,64
香城大飯店豪悅分店,HAPPINESS MOTEL,中山區松江路93巷9號1至8樓及9號2、3、4、5樓之1至之7、6樓之1至之3、7樓之1、8樓之1及97巷18號,"No.18, Lane 97, Songjiang Rd., Jhongshan District",02-25177272,32
玩行旅 大安分館,Wowhappy Daan,大安區大安路1段81號1-7樓、81之1號、81號2樓之1、3樓之1至之5、4樓之1至之5、5樓之1至之5、6樓之1至之5、7樓之1至之5,"No.81,81-1, Sec. 1, Da-an Rd., Da-an District",02-87727862,65
